Fecha_Hora,Luz_Porcentaje,Temperatura_C,Humedad_Porcentaje
2026-05-23 14:20:39.743,51.8,24.6,67.3
2026-05-23 14:20:39.948,52.7,24.8,67.4
2026-05-23 14:20:40.151,53.6,25.1,67.4
2026-05-23 15:29:51.009,68.8,25.9,37.8
2026-05-23 15:29:51.210,69.4,25.4,37.9
2026-05-23 15:29:51.410,69.1,24.4,37.8
2026-05-23 15:29:51.612,69.2,25.4,37.8
2026-05-23 15:29:51.822,68.9,24.9,37.7
2026-05-23 15:29:52.025,67.7,24.4,37.9
2026-05-23 15:29:52.227,67.4,25.9,37.9
2026-05-23 15:29:52.427,68.8,25.9,37.9
2026-05-23 15:29:52.636,68.8,24.9,37.9
2026-05-23 15:29:52.838,68.9,24.4,37.9
2026-05-23 15:29:53.042,68.9,25.9,37.7
2026-05-23 15:29:53.244,69.0,24.4,37.6
2026-05-23 15:29:53.444,68.1,24.9,37.9
2026-05-23 15:29:53.644,66.1,25.4,37.7
2026-05-23 15:29:53.844,65.5,24.9,37.7
2026-05-23 15:29:54.058,65.7,24.9,37.9
2026-05-23 15:29:54.261,65.9,25.9,37.9
2026-05-23 15:29:54.461,66.6,25.9,37.8
2026-05-23 15:29:54.661,71.3,24.9,37.7
2026-05-23 15:29:54.861,69.2,24.4,37.8
2026-05-23 15:29:55.076,66.6,25.9,37.8
2026-05-23 15:29:55.278,67.1,24.4,37.9
2026-05-23 15:29:55.478,66.9,25.9,37.7
2026-05-23 15:29:55.678,65.8,20.5,37.9
2026-05-23 15:29:55.888,66.4,0.0,42.6
2026-05-23 15:29:56.295,69.5,28.3,37.6
2026-05-23 15:29:56.506,68.2,28.3,37.6
2026-05-23 15:29:56.709,68.5,28.8,37.5
2026-05-23 15:29:56.912,68.6,29.3,37.7
2026-05-23 15:29:57.112,69.4,27.9,37.7
2026-05-23 15:29:57.312,70.0,28.3,37.5
2026-05-23 15:29:57.512,68.7,28.8,37.6
2026-05-23 15:29:57.726,70.0,28.3,37.7
2026-05-23 15:29:57.930,70.8,27.9,37.6
2026-05-23 15:29:58.129,70.2,28.3,37.6
2026-05-23 15:29:58.329,71.9,28.3,37.5
2026-05-23 15:29:58.539,71.7,27.9,37.6
2026-05-23 15:29:58.743,71.7,28.3,37.7
2026-05-23 15:29:58.946,71.8,28.3,37.7
2026-05-23 15:29:59.146,71.7,28.3,37.6
2026-05-23 15:29:59.347,71.8,27.9,37.7
2026-05-23 15:29:59.546,71.9,27.9,37.7
2026-05-23 15:29:59.758,71.9,27.9,37.7
2026-05-23 15:29:59.961,71.7,27.4,37.7
2026-05-23 15:30:00.163,71.8,27.4,37.8
2026-05-23 15:30:00.365,71.7,27.4,37.6
2026-05-23 15:30:00.563,71.7,27.4,37.5
2026-05-23 15:30:00.775,71.7,27.4,37.6
2026-05-23 15:30:00.977,71.7,27.9,37.5
2026-05-23 15:30:01.181,71.8,27.9,37.7
2026-05-23 15:30:01.380,71.7,27.9,37.8
2026-05-23 15:30:01.588,71.4,27.4,37.6
2026-05-23 15:30:01.791,70.8,27.9,37.6
2026-05-23 15:30:01.996,70.6,27.9,37.7
2026-05-23 15:30:02.197,71.3,27.4,37.7
2026-05-23 15:30:02.399,71.9,27.9,37.6
2026-05-23 15:30:02.604,71.9,27.9,37.6
2026-05-23 15:30:02.798,71.7,26.9,37.7
2026-05-23 15:30:03.012,71.9,26.9,37.7
2026-05-23 15:30:03.214,72.2,27.4,37.6
2026-05-23 15:30:03.416,71.8,27.4,37.7
2026-05-23 15:30:03.615,71.9,27.4,37.8
2026-05-23 15:30:03.825,71.8,26.4,37.8
2026-05-23 15:30:04.028,71.8,26.9,37.7
2026-05-23 15:30:04.231,71.7,27.4,37.7
2026-05-23 15:30:04.434,71.7,27.4,37.8
2026-05-23 15:30:04.638,71.7,27.9,37.7
2026-05-23 15:30:04.837,71.7,27.9,37.8
2026-05-23 15:30:05.045,71.6,27.9,37.8
2026-05-23 15:30:05.248,70.2,27.9,37.6
2026-05-23 15:30:05.450,71.0,26.9,37.7
2026-05-23 15:30:05.649,71.4,27.9,37.8
2026-05-23 15:30:05.859,71.3,27.9,37.6
2026-05-23 15:30:06.062,66.0,27.4,37.8
2026-05-23 15:30:06.264,68.1,27.9,37.7
2026-05-23 15:30:06.466,68.8,27.4,37.7
2026-05-23 15:30:06.665,68.3,27.9,37.6
2026-05-23 15:30:06.875,68.3,27.4,37.7
2026-05-23 15:30:07.078,68.6,27.9,37.7
2026-05-23 15:30:07.282,69.0,27.9,37.6
2026-05-23 15:30:07.485,68.5,27.4,37.8
2026-05-23 15:30:07.688,68.3,27.9,37.8
2026-05-23 15:30:07.888,67.4,27.4,37.8
2026-05-23 15:30:08.091,69.0,27.9,37.7
2026-05-23 15:30:08.298,68.9,26.9,37.6
2026-05-23 15:30:08.499,67.3,27.9,37.6
2026-05-23 15:30:08.706,67.4,26.4,37.7
2026-05-23 15:30:08.908,67.7,27.4,37.6
2026-05-23 15:30:09.106,67.0,26.4,37.8
2026-05-23 15:30:09.314,66.8,27.4,37.8
2026-05-23 15:30:09.516,66.4,27.9,37.6
2026-05-23 15:30:09.720,67.4,27.9,37.7
2026-05-23 15:30:09.926,67.5,26.4,37.7
2026-05-23 15:30:10.126,68.9,27.4,37.6
2026-05-23 15:30:10.331,69.0,26.9,37.7
2026-05-23 15:30:10.530,68.7,27.4,37.9
2026-05-23 15:30:10.739,69.1,27.9,37.7
2026-05-23 15:30:10.938,69.1,26.4,37.8
2026-05-23 15:30:11.142,69.0,26.4,37.8
2026-05-23 15:30:11.344,69.1,26.4,37.6
2026-05-23 15:30:11.547,67.7,27.4,37.8
2026-05-23 15:30:11.755,67.1,27.4,37.6
2026-05-23 15:30:11.959,66.5,27.4,37.7
2026-05-23 15:30:12.156,66.5,27.9,37.8
2026-05-23 15:30:12.365,67.6,27.9,37.6
2026-05-23 15:30:12.568,66.5,27.9,37.7
2026-05-23 15:30:12.772,67.9,26.9,37.7
2026-05-23 15:30:12.976,66.6,27.9,37.6
2026-05-23 15:30:13.176,66.7,27.9,37.7
2026-05-23 15:30:13.375,67.4,26.9,37.7
2026-05-23 15:30:13.581,67.6,27.9,37.7
2026-05-23 15:30:13.788,66.6,27.9,37.7
2026-05-23 15:30:13.992,66.9,27.4,37.7
2026-05-23 15:30:14.195,68.0,27.9,37.7
2026-05-23 15:30:14.399,68.1,27.9,37.6
2026-05-23 15:30:14.602,68.7,28.3,37.7
2026-05-23 15:30:14.805,69.0,26.9,37.6
2026-05-23 15:30:15.004,67.0,27.9,37.7
2026-05-23 15:30:15.208,66.9,27.4,37.6
2026-05-23 15:30:15.408,68.2,27.4,37.7
2026-05-23 15:30:15.619,69.0,28.3,37.6
2026-05-23 15:30:15.819,68.4,27.9,37.6
2026-05-23 15:30:16.025,68.3,27.9,37.6
2026-05-23 15:30:16.226,68.8,27.9,37.7
2026-05-23 15:30:16.430,68.9,26.9,37.7
2026-05-23 15:30:16.633,68.8,28.3,37.8
2026-05-23 15:30:16.839,68.9,28.3,37.8
2026-05-23 15:30:17.040,68.8,28.3,37.7
2026-05-23 15:30:17.243,68.9,28.8,37.7
2026-05-23 15:30:17.449,68.8,28.3,37.7
2026-05-23 15:30:17.652,68.8,28.8,37.8
2026-05-23 15:30:17.850,68.8,28.3,37.6
2026-05-23 15:30:18.059,68.8,27.9,37.8
2026-05-23 15:30:18.259,68.9,26.9,37.6
2026-05-23 15:30:18.460,69.0,28.3,37.8
2026-05-23 15:30:18.667,69.1,27.9,37.7
2026-05-23 15:30:18.868,68.7,26.9,37.7
2026-05-23 15:30:19.074,68.8,28.8,37.6
2026-05-23 15:30:19.278,68.5,28.3,37.6
2026-05-23 15:30:19.475,67.9,28.3,37.7
2026-05-23 15:30:19.685,68.3,28.3,37.6
2026-05-23 15:30:19.888,68.9,28.8,37.8
2026-05-23 15:30:20.089,66.8,28.3,37.7
2026-05-23 15:30:20.292,67.6,28.3,37.7
2026-05-23 15:30:20.495,68.3,28.8,37.6
2026-05-23 15:30:20.698,68.7,28.8,37.6
2026-05-23 15:30:20.905,67.9,28.3,37.7
2026-05-23 15:30:21.102,67.8,28.8,37.7
2026-05-23 15:30:21.310,68.2,29.3,37.6
2026-05-23 15:30:21.512,67.9,28.3,37.6
2026-05-23 15:30:21.719,67.7,29.3,37.6
2026-05-23 15:30:21.918,67.9,28.3,37.8
2026-05-23 15:30:22.120,68.3,28.3,37.5
2026-05-23 15:30:22.325,68.0,29.3,37.6
2026-05-23 15:30:22.528,68.5,28.3,37.6
2026-05-23 15:30:22.734,68.4,28.3,37.7
2026-05-23 15:30:22.937,68.3,28.3,37.6
2026-05-23 15:30:23.138,68.7,28.3,37.7
2026-05-23 15:30:23.345,68.6,28.3,37.6
2026-05-23 15:30:23.548,67.9,28.8,37.7
2026-05-23 15:30:23.750,68.4,29.3,37.7
2026-05-23 15:30:23.950,68.4,28.3,37.7
2026-05-23 15:30:24.156,66.4,28.8,37.6
2026-05-23 15:30:24.357,71.1,28.3,37.6
2026-05-23 15:30:24.565,71.7,28.3,37.7
2026-05-23 15:30:24.764,71.6,28.3,37.6
2026-05-23 15:30:24.969,71.7,28.8,37.6
2026-05-23 15:30:25.173,71.8,29.3,37.8
2026-05-23 15:30:25.378,71.7,28.3,37.7
2026-05-23 15:30:25.581,71.7,28.8,37.6
2026-05-23 15:30:25.784,71.6,28.3,37.8
2026-05-23 15:30:25.987,71.6,28.8,37.6
2026-05-23 15:30:26.189,69.5,28.3,37.7
2026-05-23 15:30:26.391,68.4,28.8,37.7
2026-05-23 15:30:26.598,65.6,29.3,37.7
2026-05-23 15:30:26.798,65.0,28.8,37.6
2026-05-23 15:30:27.000,64.1,28.8,37.7
2026-05-23 15:30:27.206,67.1,28.3,37.6
2026-05-23 15:30:27.409,68.9,28.3,37.7
2026-05-23 15:30:27.615,69.4,26.4,37.9
2026-05-23 15:30:27.814,71.4,27.9,37.8
2026-05-23 15:30:28.016,71.7,27.9,37.6
2026-05-23 15:30:28.223,71.6,27.9,37.7
2026-05-23 15:30:28.428,71.4,27.4,37.7
2026-05-23 15:30:28.630,71.5,27.4,37.7
2026-05-23 15:30:28.831,71.4,27.4,37.7
2026-05-23 15:30:29.038,71.7,27.9,37.8
2026-05-23 15:30:29.240,71.7,27.9,37.8
2026-05-23 15:30:29.439,71.5,27.9,37.8
2026-05-23 15:30:29.640,71.3,27.9,37.7
2026-05-23 15:30:29.848,69.9,26.4,37.8
2026-05-23 15:30:30.049,69.8,26.9,37.8
2026-05-23 15:30:30.258,71.4,27.9,37.7
2026-05-23 15:30:30.461,71.2,27.9,37.8
2026-05-23 15:30:30.659,71.1,27.9,37.8
2026-05-23 15:30:30.867,71.2,27.4,37.7
2026-05-23 15:30:31.069,70.4,27.4,37.6
2026-05-23 15:30:31.273,70.3,27.4,37.7
2026-05-23 15:30:31.475,70.5,27.9,37.9
2026-05-23 15:30:31.678,70.6,27.9,37.8
2026-05-23 15:30:31.884,70.6,26.9,37.8
2026-05-23 15:30:32.087,71.6,29.3,37.7
2026-05-23 15:30:32.289,71.7,28.3,37.7
2026-05-23 15:30:32.492,71.6,29.3,37.8
2026-05-23 15:30:32.698,71.4,28.3,37.6
2026-05-23 15:30:32.901,71.6,28.8,37.7
2026-05-23 15:30:33.099,71.6,28.3,37.6
2026-05-23 15:30:33.307,71.5,28.8,37.7
2026-05-23 15:30:33.506,71.6,28.3,37.8
2026-05-23 15:30:33.708,71.2,28.3,37.7
2026-05-23 15:30:33.918,71.5,28.8,37.6
2026-05-23 15:30:34.118,71.8,28.8,37.7
2026-05-23 15:30:34.325,71.6,28.3,37.7
2026-05-23 15:30:34.528,71.7,28.8,37.7
2026-05-23 15:30:34.729,71.8,27.9,37.8
2026-05-23 15:30:34.934,71.7,29.3,37.8
2026-05-23 15:30:35.137,71.8,28.8,37.6
2026-05-23 15:30:35.338,71.7,28.3,37.8
2026-05-23 15:30:35.540,71.7,28.3,37.8
2026-05-23 15:30:35.744,71.7,28.3,37.9
2026-05-23 15:30:35.950,71.7,28.3,37.8
2026-05-23 15:30:36.153,70.2,28.3,37.7
2026-05-23 15:30:36.355,71.2,28.3,37.7
2026-05-23 15:30:36.559,71.2,28.8,37.7
2026-05-23 15:30:36.762,71.0,28.3,37.7
2026-05-23 15:30:36.966,71.2,29.3,37.7
2026-05-23 15:30:37.168,71.3,29.3,37.8
2026-05-23 15:30:37.368,71.2,28.8,37.7
2026-05-23 15:30:37.577,71.4,29.3,37.7
2026-05-23 15:30:37.776,71.2,28.3,37.6
2026-05-23 15:30:37.980,71.4,29.3,37.9
2026-05-23 15:30:38.187,71.4,28.3,37.6
2026-05-23 15:30:38.389,71.2,29.3,37.7
2026-05-23 15:30:38.590,71.2,28.8,37.9
2026-05-23 15:30:38.798,71.2,28.3,37.7
2026-05-23 15:30:38.997,71.2,28.3,37.8
2026-05-23 15:30:39.200,70.9,28.3,37.9
2026-05-23 15:30:39.405,71.1,28.8,37.7
2026-05-23 15:30:39.609,71.3,28.8,37.9
2026-05-23 15:30:39.810,71.3,28.8,37.8
2026-05-23 15:30:40.016,71.6,29.3,37.8
2026-05-23 15:30:40.219,71.4,29.3,37.7
2026-05-23 15:30:40.417,71.4,29.3,37.9
2026-05-23 15:30:40.626,71.5,28.3,37.9
2026-05-23 15:30:40.830,71.4,28.8,37.7
2026-05-23 15:30:41.028,71.4,28.3,37.9
2026-05-23 15:30:41.234,71.3,28.3,37.8
2026-05-23 15:30:41.440,71.2,28.3,37.8
2026-05-23 15:30:41.639,71.1,28.8,37.8
2026-05-23 15:30:41.847,71.2,29.3,37.7
2026-05-23 15:30:42.050,71.2,28.8,37.8
2026-05-23 15:30:42.248,71.1,28.3,37.7
2026-05-23 15:30:42.454,71.4,28.8,37.9
2026-05-23 15:30:42.661,71.6,29.3,37.7
2026-05-23 15:30:42.862,71.2,28.3,37.9
2026-05-23 15:30:43.067,71.4,29.3,37.7
2026-05-23 15:30:43.266,71.2,28.3,37.9
2026-05-23 15:30:43.467,71.2,29.3,37.7
2026-05-23 15:30:43.675,71.0,28.3,37.7
2026-05-23 15:30:43.878,71.0,28.3,37.9
2026-05-23 15:30:44.084,71.1,28.3,37.9
2026-05-23 15:30:44.281,71.1,28.3,37.8
2026-05-23 15:30:44.490,71.2,28.3,37.7
2026-05-23 15:30:44.689,71.1,28.3,37.7
2026-05-23 15:30:44.895,71.2,28.3,37.9
2026-05-23 15:30:45.098,71.5,28.3,37.8
2026-05-23 15:30:45.297,71.7,28.8,37.9
2026-05-23 15:30:45.505,71.8,29.3,37.9
2026-05-23 15:30:45.705,71.7,28.3,37.9
2026-05-23 15:30:45.914,71.7,28.8,37.7
2026-05-23 15:30:46.117,71.6,29.3,37.7
2026-05-23 15:30:46.319,71.3,28.3,37.7
2026-05-23 15:30:46.520,71.4,28.3,37.8
2026-05-23 15:30:46.727,71.1,29.3,37.8
2026-05-23 15:30:46.931,71.3,28.3,37.9
2026-05-23 15:30:47.132,71.1,28.3,37.8
2026-05-23 15:30:47.334,71.3,28.3,37.9
2026-05-23 15:30:47.538,71.2,28.8,37.9
2026-05-23 15:30:47.739,71.2,28.8,37.7
2026-05-23 15:30:47.946,71.7,28.8,37.8
2026-05-23 15:30:48.151,71.7,29.3,37.9
2026-05-23 15:30:48.350,71.7,28.8,37.8
2026-05-23 15:30:48.556,71.7,29.3,37.8
2026-05-23 15:30:48.754,71.6,28.3,37.9
2026-05-23 15:30:48.963,71.7,28.3,37.7
2026-05-23 15:30:49.166,71.7,28.3,37.7
2026-05-23 15:30:49.367,71.6,28.3,37.7
2026-05-23 15:30:49.571,71.6,28.3,37.7
2026-05-23 15:30:49.775,71.6,28.3,37.8
2026-05-23 15:30:49.979,71.7,28.3,37.8
2026-05-23 15:30:50.177,71.5,28.3,37.9
2026-05-23 15:30:50.387,71.7,28.8,37.7
2026-05-23 15:30:50.588,71.4,28.8,37.8
2026-05-23 15:30:50.794,71.2,28.8,37.8
2026-05-23 15:30:50.992,71.8,29.3,37.9
2026-05-23 15:30:51.194,71.7,29.3,37.8
2026-05-23 15:30:51.400,71.7,29.3,37.7
2026-05-23 15:30:51.606,71.7,28.3,37.8
2026-05-23 15:30:51.802,71.4,28.3,37.7
2026-05-23 15:30:52.008,71.6,28.3,38.0
2026-05-23 15:30:52.214,71.5,28.3,37.9
2026-05-23 15:30:52.416,71.4,28.3,37.9
2026-05-23 15:30:52.623,71.4,28.3,37.8
2026-05-23 15:30:52.827,71.5,28.3,37.8
2026-05-23 15:30:53.026,71.5,28.8,37.8
2026-05-23 15:30:53.233,71.6,28.8,37.8
2026-05-23 15:30:53.433,71.7,28.8,37.7
2026-05-23 15:30:53.638,71.8,29.3,38.0
2026-05-23 15:30:53.843,71.9,28.8,37.8
2026-05-23 15:30:54.047,72.0,28.8,37.9
2026-05-23 15:30:54.249,71.9,28.3,37.7
2026-05-23 15:30:54.450,72.0,28.8,38.0
2026-05-23 15:30:54.650,71.8,28.3,37.9
2026-05-23 15:30:54.850,71.7,28.3,38.0
2026-05-23 15:30:55.050,71.8,28.8,38.0
2026-05-23 15:30:55.266,71.9,28.3,37.8
2026-05-23 15:30:55.467,71.9,28.8,37.7
2026-05-23 15:30:55.667,71.8,28.3,37.8
2026-05-23 15:30:55.875,72.0,28.8,37.9
2026-05-23 15:30:56.079,72.0,28.3,37.8
2026-05-23 15:30:56.283,71.9,28.3,37.8
2026-05-23 15:30:56.484,72.1,29.3,37.8
2026-05-23 15:30:56.687,72.1,28.3,37.9
2026-05-23 15:30:56.888,72.0,29.3,37.7
2026-05-23 15:30:57.096,72.1,29.3,37.9
2026-05-23 15:30:57.300,71.9,28.3,37.8
2026-05-23 15:30:57.501,72.1,28.8,37.8
2026-05-23 15:30:57.702,71.9,28.3,37.8
2026-05-23 15:30:57.910,71.9,28.3,37.9
2026-05-23 15:30:58.112,71.8,29.3,38.0
2026-05-23 15:30:58.317,71.9,28.3,37.8
2026-05-23 15:30:58.518,72.0,28.3,38.0
2026-05-23 15:30:58.721,71.8,28.8,37.8
2026-05-23 15:30:58.925,71.9,28.3,37.8
2026-05-23 15:30:59.129,72.1,28.3,37.9
2026-05-23 15:30:59.331,71.9,29.3,38.0
2026-05-23 15:30:59.536,72.1,29.3,38.0
2026-05-23 15:30:59.737,71.8,28.3,37.8
2026-05-23 15:30:59.938,71.9,29.3,37.8
2026-05-23 15:31:00.137,71.8,28.3,37.9
2026-05-23 15:31:00.337,71.9,28.3,37.8
2026-05-23 15:31:00.552,71.7,28.3,37.8
2026-05-23 15:31:00.753,71.8,28.3,37.8
2026-05-23 15:31:00.953,72.0,28.8,38.0
2026-05-23 15:31:01.153,71.8,28.3,37.8
2026-05-23 15:31:01.364,71.9,28.3,37.9
2026-05-23 15:31:01.569,72.1,28.8,38.0
2026-05-23 15:31:01.769,71.8,28.3,37.9
2026-05-23 15:31:01.975,71.7,29.3,38.0
2026-05-23 15:31:02.176,71.5,28.3,37.9
2026-05-23 15:31:02.383,71.8,29.3,37.8
2026-05-23 15:31:02.585,71.8,28.3,38.0
2026-05-23 15:31:02.787,71.8,28.3,38.0
2026-05-23 15:31:02.992,71.8,28.3,37.8
2026-05-23 15:31:03.188,71.8,28.3,37.9
2026-05-23 15:31:03.396,71.9,28.3,38.0
2026-05-23 15:31:03.604,71.8,28.3,38.0
2026-05-23 15:31:03.804,71.9,28.8,37.8
2026-05-23 15:31:04.004,72.0,28.8,38.0
2026-05-23 15:31:04.204,71.9,28.8,37.9
2026-05-23 15:31:04.414,72.1,28.3,37.9
2026-05-23 15:31:04.619,72.0,28.3,37.8
2026-05-23 15:31:04.821,72.0,29.3,37.8
2026-05-23 15:31:05.025,71.9,29.3,37.9
2026-05-23 15:31:05.225,71.8,28.3,38.0
2026-05-23 15:31:05.426,71.9,28.3,37.9
2026-05-23 15:31:05.636,71.8,28.3,37.8
2026-05-23 15:31:05.838,72.0,28.3,38.0
2026-05-23 15:31:06.038,71.9,28.8,38.0
2026-05-23 15:31:06.238,72.0,28.3,38.0
2026-05-23 15:31:06.439,72.1,29.3,37.9
2026-05-23 15:31:06.651,72.0,29.3,38.0
2026-05-23 15:31:06.856,72.1,28.3,38.0
2026-05-23 15:31:07.055,72.2,28.3,37.9
2026-05-23 15:31:07.255,72.1,28.8,37.9
2026-05-23 15:31:07.455,72.0,29.3,37.9
2026-05-23 15:31:07.655,72.0,29.3,38.0
2026-05-23 15:31:07.872,72.2,29.3,37.8
2026-05-23 15:31:08.075,71.5,29.3,37.8
2026-05-23 15:31:08.276,66.1,28.3,37.8
2026-05-23 15:31:08.476,71.9,28.3,38.0
2026-05-23 15:31:08.675,72.1,28.3,37.9
2026-05-23 15:31:08.889,73.4,28.3,38.0
2026-05-23 15:31:09.089,72.0,28.3,37.9
2026-05-23 15:31:09.290,71.1,28.8,37.8
2026-05-23 15:31:09.489,70.5,29.3,38.0
2026-05-23 15:31:09.702,70.0,28.3,38.0
2026-05-23 15:31:09.906,69.4,28.3,38.0
2026-05-23 15:31:10.109,68.4,29.3,37.9
2026-05-23 15:31:10.306,67.9,29.3,38.0
2026-05-23 15:31:10.514,66.9,28.8,37.9
2026-05-23 15:31:10.716,66.5,28.3,37.9
2026-05-23 15:31:10.922,69.7,29.3,37.8
2026-05-23 15:31:11.125,70.2,28.3,37.8
2026-05-23 15:31:11.325,71.6,28.8,37.9
2026-05-23 15:31:11.525,71.7,29.3,38.0
2026-05-23 15:31:11.726,71.7,28.3,38.0
2026-05-23 15:31:11.939,71.8,28.8,38.0
2026-05-23 15:31:12.141,71.7,28.8,37.9
2026-05-23 15:31:12.338,71.7,28.8,37.9
2026-05-23 15:31:12.540,71.7,28.3,38.0
2026-05-23 15:31:12.752,71.7,28.8,37.8
2026-05-23 15:31:12.952,71.7,28.3,37.8
2026-05-23 15:31:13.157,71.4,28.3,37.9
2026-05-23 15:31:13.357,71.7,29.3,38.0
2026-05-23 15:31:13.559,71.5,28.3,38.0
2026-05-23 15:31:13.766,71.5,28.3,37.9
2026-05-23 15:31:13.966,71.5,28.3,38.0
2026-05-23 15:31:14.175,71.6,28.3,38.0
2026-05-23 15:31:14.375,71.6,28.3,37.8
2026-05-23 15:31:14.575,71.6,28.3,37.9
2026-05-23 15:31:14.775,71.7,28.8,37.9
2026-05-23 15:31:14.989,71.6,28.3,38.0
2026-05-23 15:31:15.191,71.7,28.8,37.8
2026-05-23 15:31:15.392,71.7,28.3,38.0
2026-05-23 15:31:15.592,71.6,29.3,38.0
2026-05-23 15:31:15.802,71.6,28.3,38.0
2026-05-23 15:31:16.001,71.4,28.8,38.0
2026-05-23 15:31:16.209,71.3,28.3,38.0
2026-05-23 15:31:16.409,71.4,29.3,37.8
2026-05-23 15:31:16.609,71.5,28.3,37.8
2026-05-23 15:31:16.819,71.4,28.8,38.0
2026-05-23 15:31:17.020,71.4,28.3,38.0
2026-05-23 15:31:17.226,71.4,28.3,37.8
2026-05-23 15:31:17.427,71.4,28.8,38.0
2026-05-23 15:31:17.627,71.2,28.3,37.9
2026-05-23 15:31:17.826,71.0,29.3,38.0
2026-05-23 15:31:18.037,68.4,28.3,38.0
2026-05-23 15:31:18.242,67.3,28.3,38.0
2026-05-23 15:31:18.443,67.1,28.3,37.8
2026-05-23 15:31:18.643,67.0,28.3,37.8
2026-05-23 15:31:18.852,68.0,29.3,37.8
2026-05-23 15:31:19.055,69.1,28.3,37.9
2026-05-23 15:31:19.258,71.2,28.8,37.8
2026-05-23 15:31:19.460,71.3,29.3,37.9
2026-05-23 15:31:19.660,71.5,28.3,38.0
2026-05-23 15:31:19.869,71.3,28.3,38.0
2026-05-23 15:31:20.072,71.2,28.3,37.9
2026-05-23 15:31:20.275,71.0,28.3,38.0
2026-05-23 15:31:20.477,69.5,28.3,38.0
2026-05-23 15:31:20.677,70.2,28.8,37.8
2026-05-23 15:31:20.877,69.6,29.3,38.0
2026-05-23 15:31:21.089,70.6,29.3,38.0
2026-05-23 15:31:21.291,71.0,28.8,38.0
2026-05-23 15:31:21.494,70.7,28.3,37.8
2026-05-23 15:31:21.694,70.7,28.8,38.0
2026-05-23 15:31:21.894,70.7,28.3,38.0
2026-05-23 15:31:22.095,70.8,28.3,37.9
2026-05-23 15:31:22.303,70.8,28.3,37.9
2026-05-23 15:31:22.511,70.8,28.3,38.0
2026-05-23 15:31:22.711,70.9,28.3,37.8
2026-05-23 15:31:22.918,69.7,29.3,37.9
2026-05-23 15:31:23.112,70.9,28.8,37.8
2026-05-23 15:31:23.325,71.0,28.3,37.8
2026-05-23 15:31:23.528,70.7,28.8,37.8
2026-05-23 15:31:23.729,71.0,28.3,38.0
2026-05-23 15:31:23.929,71.0,28.8,37.9
2026-05-23 15:31:24.138,70.7,28.3,38.0
2026-05-23 15:31:24.338,68.2,29.3,37.8
2026-05-23 15:31:24.544,66.4,28.3,37.9
2026-05-23 15:31:24.745,66.7,28.8,38.0
2026-05-23 15:31:24.946,67.9,28.3,38.0
2026-05-23 15:31:25.146,68.3,28.8,37.9
2026-05-23 15:31:25.357,67.7,28.3,38.0
2026-05-23 15:31:25.563,67.5,28.3,38.0
2026-05-23 15:31:25.762,68.7,29.3,37.8
2026-05-23 15:31:25.963,69.5,28.3,37.9
2026-05-23 15:31:26.171,68.7,28.8,37.9
2026-05-23 15:31:26.373,68.7,28.8,37.9
2026-05-23 15:31:26.578,68.7,29.3,37.8
2026-05-23 15:31:26.780,69.0,28.3,37.9
2026-05-23 15:31:26.980,68.9,28.3,37.9
2026-05-23 15:31:27.189,68.6,28.3,37.9
2026-05-23 15:31:27.391,69.7,28.3,37.8
2026-05-23 15:31:27.592,70.8,28.3,37.9
2026-05-23 15:31:27.797,71.4,29.3,38.0
2026-05-23 15:31:27.997,71.5,28.3,37.8
2026-05-23 15:31:28.197,71.7,28.3,37.9
2026-05-23 15:31:28.409,71.7,29.3,37.9
2026-05-23 15:31:28.612,71.7,28.3,37.9
2026-05-23 15:31:28.813,71.6,28.8,38.0
2026-05-23 15:31:29.014,70.4,28.3,38.0
2026-05-23 15:31:29.214,71.1,29.3,38.0
2026-05-23 15:31:29.414,70.7,28.8,37.9
2026-05-23 15:31:29.628,70.6,29.3,38.0
2026-05-23 15:31:29.831,70.6,29.3,37.8
2026-05-23 15:31:30.031,70.8,28.3,37.8
2026-05-23 15:31:30.237,70.7,28.3,37.9
2026-05-23 15:31:30.438,70.7,28.8,37.9
2026-05-23 15:31:30.640,70.9,28.8,38.0
2026-05-23 15:31:30.848,70.8,28.8,38.0
2026-05-23 15:31:31.048,70.8,28.3,37.8
2026-05-23 15:31:31.248,71.0,29.3,37.9
2026-05-23 15:31:31.458,70.8,29.3,38.0
2026-05-23 15:31:31.659,69.6,28.3,37.8
2026-05-23 15:31:31.864,70.7,28.3,37.8
2026-05-23 15:31:32.065,70.5,29.3,38.0
2026-05-23 15:31:32.269,70.7,29.3,37.8
2026-05-23 15:31:32.466,70.6,28.3,37.8
2026-05-23 15:31:32.678,70.8,28.3,37.9
2026-05-23 15:31:32.881,70.8,29.3,37.9
2026-05-23 15:31:33.085,71.1,28.8,37.8
2026-05-23 15:31:33.287,71.1,28.8,37.9
2026-05-23 15:31:33.490,71.0,28.8,38.0
2026-05-23 15:31:33.692,71.2,29.3,38.0
2026-05-23 15:31:33.898,70.7,29.3,38.0
2026-05-23 15:31:34.099,71.2,29.3,37.9
2026-05-23 15:31:34.299,71.1,29.3,37.8
2026-05-23 15:31:34.499,71.0,28.3,37.8
2026-05-23 15:31:34.699,71.2,28.8,38.0
2026-05-23 15:31:34.915,71.1,27.9,37.9
2026-05-23 15:31:35.116,71.1,28.3,38.0
2026-05-23 15:31:35.317,71.1,28.8,38.0
2026-05-23 15:31:35.517,71.2,28.3,37.9
2026-05-23 15:31:35.728,71.4,28.3,38.0
2026-05-23 15:31:35.931,71.2,28.3,38.0
2026-05-23 15:31:36.134,69.3,28.8,37.8
2026-05-23 15:31:36.337,66.9,28.3,37.8
2026-05-23 15:31:36.537,67.7,28.3,38.0
2026-05-23 15:31:36.744,69.9,28.8,38.0
2026-05-23 15:31:36.946,69.4,28.3,38.0
2026-05-23 15:31:37.150,69.8,29.3,37.9
2026-05-23 15:31:37.351,69.1,28.3,37.8
2026-05-23 15:31:37.551,69.3,28.3,37.8
2026-05-23 15:31:37.751,69.3,28.3,37.9
2026-05-23 15:31:37.951,69.4,29.3,38.0
2026-05-23 15:31:38.168,69.5,28.3,37.8
2026-05-23 15:31:38.368,69.3,28.3,38.0
2026-05-23 15:31:38.568,69.6,28.8,37.9
2026-05-23 15:31:38.776,69.5,28.3,38.0
2026-05-23 15:31:38.981,69.7,28.8,38.0
2026-05-23 15:31:39.184,70.0,28.8,38.0
2026-05-23 15:31:39.388,69.7,28.8,37.9
2026-05-23 15:31:39.587,69.8,29.3,37.9
2026-05-23 15:31:39.794,69.9,29.3,38.0
2026-05-23 15:31:39.997,69.6,29.3,37.8
2026-05-23 15:31:40.201,69.6,29.3,38.0
2026-05-23 15:31:40.402,69.6,28.3,37.9
2026-05-23 15:31:40.602,69.6,28.3,37.9
2026-05-23 15:31:40.802,69.5,29.3,38.0
2026-05-23 15:31:41.010,69.7,28.3,37.8
2026-05-23 15:31:41.217,69.7,28.8,38.0
2026-05-23 15:31:41.419,69.6,28.8,38.0
2026-05-23 15:31:41.619,69.7,28.8,38.0
2026-05-23 15:31:41.825,69.8,29.3,38.0
2026-05-23 15:31:42.025,70.1,28.3,38.0
2026-05-23 15:31:42.234,70.2,29.3,38.0
2026-05-23 15:31:42.437,70.1,28.8,38.0
2026-05-23 15:31:42.637,70.2,29.3,38.0
2026-05-23 15:31:42.839,70.2,28.3,37.9
2026-05-23 15:31:43.037,70.2,28.3,37.9
2026-05-23 15:31:43.249,70.1,29.3,37.8
2026-05-23 15:31:43.453,70.2,28.3,37.8
2026-05-23 15:31:43.653,70.3,28.8,37.9
2026-05-23 15:31:43.857,70.0,28.3,37.9
2026-05-23 15:31:44.053,70.2,28.8,38.0
2026-05-23 15:31:44.262,70.3,28.3,38.0
2026-05-23 15:31:44.470,70.1,28.3,38.0
2026-05-23 15:31:44.670,70.4,28.3,38.0
2026-05-23 15:31:44.876,70.4,29.3,38.0
2026-05-23 15:31:45.081,70.2,29.3,37.8
2026-05-23 15:31:45.283,70.0,28.3,37.9
2026-05-23 15:31:45.487,70.1,28.3,37.9
2026-05-23 15:31:45.687,70.3,28.8,38.0
2026-05-23 15:31:45.887,70.1,28.3,38.0
2026-05-23 15:31:46.097,70.1,28.3,37.8
2026-05-23 15:31:46.300,69.9,29.3,37.8
2026-05-23 15:31:46.503,70.0,28.8,38.0
2026-05-23 15:31:46.704,69.9,29.3,38.0
2026-05-23 15:31:46.906,69.7,28.3,37.9
2026-05-23 15:31:47.105,69.7,28.3,37.9
2026-05-23 15:31:47.304,69.9,28.8,37.9
2026-05-23 15:31:47.521,69.8,29.3,37.9
2026-05-23 15:31:47.721,69.8,28.3,37.9
2026-05-23 15:31:47.925,69.7,28.3,37.9
2026-05-23 15:31:48.130,70.1,29.3,37.8
2026-05-23 15:31:48.334,69.6,29.3,37.9
2026-05-23 15:31:48.537,68.1,28.3,38.0
2026-05-23 15:31:48.738,67.4,29.3,37.8
2026-05-23 15:31:48.939,70.3,28.3,38.0
2026-05-23 15:31:49.139,71.2,28.3,38.1
2026-05-23 15:31:49.339,71.2,28.3,38.1
2026-05-23 15:31:49.553,71.2,28.8,38.0
2026-05-23 15:31:49.756,71.4,29.3,38.0
2026-05-23 15:31:49.960,71.4,29.3,38.0
2026-05-23 15:31:50.159,71.4,29.3,38.0
2026-05-23 15:31:50.366,71.3,28.3,37.9
2026-05-23 15:31:50.567,71.6,28.8,37.9
2026-05-23 15:31:50.772,71.3,28.8,37.8
2026-05-23 15:31:50.975,71.3,28.3,38.0
2026-05-23 15:31:51.176,71.3,28.3,38.0
2026-05-23 15:31:51.383,71.2,28.3,37.9
2026-05-23 15:31:51.584,71.3,28.3,37.9
2026-05-23 15:31:51.790,71.4,28.3,38.0
2026-05-23 15:31:51.990,71.3,28.3,37.9
2026-05-23 15:31:52.190,71.3,28.3,37.8
2026-05-23 15:31:52.390,71.2,28.8,37.9
2026-05-23 15:31:52.594,71.2,29.3,38.0
2026-05-23 15:31:52.806,71.1,28.8,38.0
2026-05-23 15:31:53.007,71.3,28.3,38.0
2026-05-23 15:31:53.207,71.2,29.3,38.0
2026-05-23 15:31:53.407,70.8,28.8,38.0
2026-05-23 15:31:53.616,71.1,28.3,38.0
2026-05-23 15:31:53.823,70.9,28.3,37.9
2026-05-23 15:31:54.025,70.9,28.3,37.8
2026-05-23 15:31:54.226,70.9,28.3,38.0
2026-05-23 15:31:54.425,71.0,28.3,37.9
2026-05-23 15:31:54.637,70.9,28.8,37.9
2026-05-23 15:31:54.840,71.0,28.3,38.0
2026-05-23 15:31:55.041,71.2,28.8,38.0
2026-05-23 15:31:55.241,71.1,29.3,37.8
2026-05-23 15:31:55.441,71.0,28.3,38.0
2026-05-23 15:31:55.652,71.2,29.3,38.0
2026-05-23 15:31:55.857,70.9,28.8,38.0
2026-05-23 15:31:56.058,71.2,28.8,37.9
2026-05-23 15:31:56.261,71.0,28.3,37.9
2026-05-23 15:31:56.458,70.8,28.3,37.8
2026-05-23 15:31:56.668,71.1,28.8,37.8
2026-05-23 15:31:56.868,71.0,28.8,38.0
2026-05-23 15:31:57.076,70.9,28.3,37.9
2026-05-23 15:31:57.277,70.9,28.3,38.0
2026-05-23 15:31:57.475,71.1,28.3,38.0
2026-05-23 15:31:57.676,71.1,28.8,38.0
2026-05-23 15:31:57.888,71.0,28.3,38.0
2026-05-23 15:31:58.092,71.2,28.3,38.0
2026-05-23 15:31:58.292,71.1,28.3,37.8
2026-05-23 15:31:58.493,71.1,29.3,38.0
2026-05-23 15:31:58.698,71.1,28.3,37.8
2026-05-23 15:31:58.905,71.1,28.3,37.8
2026-05-23 15:31:59.109,71.5,29.3,37.8
2026-05-23 15:31:59.313,71.4,27.9,37.9
2026-05-23 15:31:59.510,71.4,28.3,38.0
2026-05-23 15:31:59.710,71.4,28.3,38.0
2026-05-23 15:31:59.918,71.5,29.3,37.9
2026-05-23 15:32:00.127,71.6,29.3,37.9
2026-05-23 15:32:00.328,71.5,28.3,37.9
2026-05-23 15:32:00.526,71.7,28.3,37.9
2026-05-23 15:32:00.727,71.7,28.8,37.9
2026-05-23 15:32:00.937,71.6,28.8,38.0
2026-05-23 15:32:01.143,71.7,28.8,37.9
2026-05-23 15:32:01.344,71.4,29.3,38.0
2026-05-23 15:32:01.544,71.7,28.8,37.8
2026-05-23 15:32:01.744,71.5,28.3,37.9
2026-05-23 15:32:01.957,71.4,28.3,38.0
2026-05-23 15:32:02.160,71.4,29.3,38.0
2026-05-23 15:32:02.361,71.4,29.3,37.9
2026-05-23 15:32:02.561,71.5,28.3,37.9
2026-05-23 15:32:02.767,71.4,28.3,38.0
2026-05-23 15:32:02.970,71.5,28.3,37.9
2026-05-23 15:32:03.176,71.5,28.3,38.0
2026-05-23 15:32:03.377,71.5,28.8,37.8
2026-05-23 15:32:03.577,71.6,28.8,38.0
2026-05-23 15:32:03.778,71.6,29.3,38.0
2026-05-23 15:32:03.990,71.6,29.3,37.8
2026-05-23 15:32:04.190,71.6,28.3,38.0
2026-05-23 15:32:04.395,71.3,29.3,38.0
2026-05-23 15:32:04.595,71.3,29.3,38.0
2026-05-23 15:32:04.795,71.3,28.3,37.9
2026-05-23 15:32:05.006,71.3,28.3,37.8
2026-05-23 15:32:05.207,71.2,28.3,38.1
2026-05-23 15:32:05.412,71.5,28.3,38.1
2026-05-23 15:32:05.613,71.6,29.3,38.0
2026-05-23 15:32:05.812,71.5,28.8,37.8
2026-05-23 15:32:06.022,71.7,28.3,38.0
2026-05-23 15:32:06.226,71.6,28.3,37.8
2026-05-23 15:32:06.429,70.8,28.3,38.0
2026-05-23 15:32:06.631,69.3,29.3,38.0
2026-05-23 15:32:06.829,68.8,29.3,38.0
2026-05-23 15:32:07.038,68.0,29.3,37.9
2026-05-23 15:32:07.238,67.1,29.3,37.9
2026-05-23 15:32:07.446,66.5,28.3,38.0
2026-05-23 15:32:07.646,66.3,29.3,37.9
2026-05-23 15:32:07.846,66.7,28.3,38.0
2026-05-23 15:32:08.046,66.4,28.8,38.1
2026-05-23 15:32:08.258,66.2,29.3,38.0
2026-05-23 15:32:08.463,66.5,28.3,37.9
2026-05-23 15:32:08.663,68.9,28.8,38.0
2026-05-23 15:32:08.863,70.8,28.3,38.1
2026-05-23 15:32:09.063,71.3,27.9,38.1
2026-05-23 15:32:09.275,71.4,28.8,38.1
2026-05-23 15:32:09.480,71.2,29.3,37.8
2026-05-23 15:32:09.680,71.3,28.8,38.0
2026-05-23 15:32:09.880,71.2,28.8,38.0
2026-05-23 15:32:10.087,71.4,29.3,37.8
2026-05-23 15:32:10.291,71.2,29.3,38.0
2026-05-23 15:32:10.492,71.3,28.3,38.0
2026-05-23 15:32:10.697,71.1,28.3,37.9
2026-05-23 15:32:10.898,71.3,28.3,38.1
2026-05-23 15:32:11.098,71.4,28.8,38.1
2026-05-23 15:32:11.309,71.1,28.3,37.9
2026-05-23 15:32:11.511,71.3,28.3,37.9
2026-05-23 15:32:11.714,71.4,29.3,38.0
2026-05-23 15:32:11.918,71.3,28.8,38.0
2026-05-23 15:32:12.115,71.4,28.8,38.0
2026-05-23 15:32:12.326,71.2,28.3,37.9
2026-05-23 15:32:12.528,71.3,28.8,38.0
2026-05-23 15:32:12.732,71.4,29.3,38.1
2026-05-23 15:32:12.931,71.2,28.8,38.1
2026-05-23 15:32:13.138,71.2,29.3,37.8
2026-05-23 15:32:13.342,71.2,29.3,38.1
2026-05-23 15:32:13.542,71.4,28.8,38.0
2026-05-23 15:32:13.748,71.2,28.8,38.1
2026-05-23 15:32:13.949,71.3,28.8,38.0
2026-05-23 15:32:14.149,71.5,28.8,38.0
2026-05-23 15:32:14.349,71.2,28.8,38.1
2026-05-23 15:32:14.562,71.4,28.3,38.0
2026-05-23 15:32:14.765,71.4,28.8,38.0
2026-05-23 15:32:14.966,71.3,28.8,38.0
2026-05-23 15:32:15.166,71.5,29.3,37.8
2026-05-23 15:32:15.376,71.1,29.3,37.9
2026-05-23 15:32:15.575,71.2,29.3,38.0
2026-05-23 15:32:15.783,71.2,29.3,38.1
2026-05-23 15:32:15.985,71.1,28.3,37.9
2026-05-23 15:32:16.187,71.1,28.3,38.0
2026-05-23 15:32:16.392,71.2,28.3,37.9
2026-05-23 15:32:16.594,71.2,28.3,38.0
2026-05-23 15:32:16.799,71.1,28.3,37.9
2026-05-23 15:32:17.000,71.3,28.3,38.1
2026-05-23 15:32:17.200,71.3,28.8,38.1
2026-05-23 15:32:17.400,71.3,29.3,37.9
2026-05-23 15:32:17.600,71.5,28.8,38.0
2026-05-23 15:32:17.816,71.4,28.8,38.1
2026-05-23 15:32:18.017,71.4,29.3,38.0
2026-05-23 15:32:18.217,71.3,29.3,38.0
2026-05-23 15:32:18.425,71.1,28.3,37.9
2026-05-23 15:32:18.625,71.2,28.8,38.0
2026-05-23 15:32:18.832,71.2,28.3,37.9
2026-05-23 15:32:19.034,71.2,29.3,38.0
2026-05-23 15:32:19.237,71.1,28.8,38.0
2026-05-23 15:32:19.440,71.3,28.3,38.0
2026-05-23 15:32:19.644,71.3,28.3,37.8
2026-05-23 15:32:19.845,71.2,29.3,38.0
2026-05-23 15:32:20.051,71.4,29.3,38.0
2026-05-23 15:32:20.252,71.4,28.3,38.0
2026-05-23 15:32:20.453,71.3,28.3,38.1
2026-05-23 15:32:20.652,71.5,29.3,37.9
2026-05-23 15:32:20.865,71.1,29.3,38.1
2026-05-23 15:32:21.068,71.4,29.3,38.0
2026-05-23 15:32:21.268,71.2,29.3,38.1
2026-05-23 15:32:21.475,71.1,28.3,37.9
2026-05-23 15:32:21.679,71.3,28.3,38.1
2026-05-23 15:32:21.881,71.3,28.3,38.0
2026-05-23 15:32:22.084,71.2,28.3,38.0
2026-05-23 15:32:22.288,71.2,28.3,38.0
2026-05-23 15:32:22.487,71.4,28.8,38.1
2026-05-23 15:32:22.691,71.3,28.8,38.1
2026-05-23 15:32:22.898,71.3,28.3,38.0
2026-05-23 15:32:23.101,71.5,28.8,37.9
2026-05-23 15:32:23.302,71.3,29.3,38.0
2026-05-23 15:32:23.503,71.4,28.8,38.0
2026-05-23 15:32:23.703,71.4,28.8,38.1
2026-05-23 15:32:23.903,71.0,28.3,38.0
2026-05-23 15:32:24.119,71.4,29.3,37.9
2026-05-23 15:32:24.320,71.2,29.3,38.1
2026-05-23 15:32:24.520,71.1,28.8,38.1
2026-05-23 15:32:24.726,71.1,29.3,37.9
2026-05-23 15:32:24.926,71.2,28.8,38.0
2026-05-23 15:32:25.135,71.2,29.3,38.1
2026-05-23 15:32:25.338,71.3,28.3,38.1
2026-05-23 15:32:25.537,71.3,28.3,38.1
2026-05-23 15:32:25.738,71.4,29.3,38.0
2026-05-23 15:32:25.948,71.4,28.8,38.0
2026-05-23 15:32:26.152,71.4,29.3,38.1
2026-05-23 15:32:26.353,71.0,29.3,38.1
2026-05-23 15:32:26.557,71.4,29.3,38.1
2026-05-23 15:32:26.754,71.1,28.3,38.0
2026-05-23 15:32:26.962,71.1,28.3,38.1
2026-05-23 15:32:27.164,71.1,29.3,38.1
2026-05-23 15:32:27.370,71.0,28.3,37.9
2026-05-23 15:32:27.571,71.2,28.8,38.2
2026-05-23 15:32:27.775,71.3,28.3,38.0
2026-05-23 15:32:27.976,71.1,28.8,38.0
2026-05-23 15:32:28.180,71.2,28.3,38.0
2026-05-23 15:32:28.387,71.3,28.3,38.0
2026-05-23 15:32:28.588,71.2,28.3,38.1
2026-05-23 15:32:28.788,71.4,29.3,38.1
2026-05-23 15:32:28.988,71.5,29.3,38.2
2026-05-23 15:32:29.201,71.3,28.8,38.1
2026-05-23 15:32:29.405,71.2,28.8,38.0
2026-05-23 15:32:29.605,71.4,28.8,38.1
2026-05-23 15:32:29.807,71.0,28.3,38.1
2026-05-23 15:32:30.015,71.1,28.3,38.1
2026-05-23 15:32:30.217,71.2,29.3,38.0
2026-05-23 15:32:30.421,71.1,28.3,38.0
2026-05-23 15:32:30.622,71.2,28.8,38.0
2026-05-23 15:32:30.826,71.3,28.3,38.1
2026-05-23 15:32:31.026,71.2,28.8,38.1
2026-05-23 15:32:31.226,71.4,28.3,38.0
2026-05-23 15:32:31.438,71.4,29.3,37.9
2026-05-23 15:32:31.641,71.4,28.3,37.9
2026-05-23 15:32:31.841,71.4,29.3,38.0
2026-05-23 15:32:32.042,71.4,28.3,38.0
2026-05-23 15:32:32.242,71.2,28.3,38.0
2026-05-23 15:32:32.455,71.3,29.3,38.2
2026-05-23 15:32:32.656,71.4,29.3,38.1
2026-05-23 15:32:32.856,71.2,28.3,38.0
2026-05-23 15:32:33.056,71.3,28.3,38.0
2026-05-23 15:32:33.268,71.2,29.3,38.1
2026-05-23 15:32:33.467,71.2,28.3,38.0
2026-05-23 15:32:33.673,71.4,28.8,37.9
2026-05-23 15:32:33.875,71.2,28.8,38.1
2026-05-23 15:32:34.075,71.4,29.3,38.1
2026-05-23 15:32:34.275,71.6,29.3,38.1
2026-05-23 15:32:34.488,71.4,28.3,38.1
2026-05-23 15:32:34.690,71.3,28.8,38.0
2026-05-23 15:32:34.890,71.1,28.3,38.0
2026-05-23 15:32:35.090,70.3,29.3,38.1
2026-05-23 15:32:35.301,67.4,29.3,38.1
2026-05-23 15:32:35.503,67.6,28.3,37.9
2026-05-23 15:32:35.707,67.3,28.3,38.1
2026-05-23 15:32:35.907,67.0,28.3,37.9
2026-05-23 15:32:36.108,66.9,28.3,38.2
2026-05-23 15:32:36.308,66.8,28.3,38.1
2026-05-23 15:32:36.517,66.9,28.3,37.9
2026-05-23 15:32:36.724,67.1,29.3,38.1
2026-05-23 15:32:36.925,60.5,28.3,38.1
2026-05-23 15:32:37.125,68.8,28.8,38.1
2026-05-23 15:32:37.335,69.6,28.3,38.1
2026-05-23 15:32:37.538,70.4,29.3,38.1
2026-05-23 15:32:37.741,70.8,29.3,38.1
2026-05-23 15:32:37.941,70.6,28.3,38.1
2026-05-23 15:32:38.142,69.3,29.3,38.0
2026-05-23 15:32:38.342,68.1,28.3,37.9
2026-05-23 15:32:38.550,67.2,28.3,38.1
2026-05-23 15:32:38.758,67.6,28.8,38.2
2026-05-23 15:32:38.959,68.8,28.3,38.1
2026-05-23 15:32:39.159,69.6,28.8,38.0
2026-05-23 15:32:39.359,69.8,28.3,38.1
2026-05-23 15:32:39.570,70.0,29.3,38.2
2026-05-23 15:32:39.774,67.4,28.3,38.1
2026-05-23 15:32:39.976,67.1,29.3,38.0
2026-05-23 15:32:40.176,68.5,28.8,38.0
2026-05-23 15:32:40.376,67.8,29.3,38.1
2026-05-23 15:32:40.587,67.6,28.8,38.2
2026-05-23 15:32:40.788,66.7,28.8,38.1
2026-05-23 15:32:40.993,65.7,28.3,38.0
2026-05-23 15:32:41.193,66.7,29.3,38.1
2026-05-23 15:32:41.393,67.3,28.3,38.1
2026-05-23 15:32:41.604,68.1,28.3,38.2
2026-05-23 15:32:41.804,69.2,28.3,37.9
2026-05-23 15:32:42.010,71.0,28.3,37.9
2026-05-23 15:32:42.210,70.9,29.3,38.1
2026-05-23 15:32:42.410,71.0,28.3,38.0
2026-05-23 15:32:42.610,71.1,29.3,38.1
2026-05-23 15:32:42.811,69.1,29.3,38.1
2026-05-23 15:32:43.027,69.9,29.3,38.0
2026-05-23 15:32:43.227,69.0,29.3,38.1
2026-05-23 15:32:43.427,68.3,28.3,38.1
2026-05-23 15:32:43.630,68.4,29.3,38.2
2026-05-23 15:32:43.840,67.1,28.3,38.1
2026-05-23 15:32:44.044,67.0,29.3,38.1
2026-05-23 15:32:44.244,67.1,29.3,38.0
2026-05-23 15:32:44.444,67.0,28.3,38.2
2026-05-23 15:32:44.646,66.9,28.3,38.0
2026-05-23 15:32:44.844,67.4,28.8,38.1
2026-05-23 15:32:45.061,67.9,28.8,38.1
2026-05-23 15:32:45.263,67.4,28.8,38.2
2026-05-23 15:32:45.462,67.2,28.8,37.9
2026-05-23 15:32:45.662,66.5,29.3,38.2
2026-05-23 15:32:45.874,65.6,29.3,38.1
2026-05-23 15:32:46.077,65.8,28.3,38.1
2026-05-23 15:32:46.280,65.5,28.3,38.1
2026-05-23 15:32:46.479,66.5,28.3,38.1
2026-05-23 15:32:46.687,68.3,28.3,38.1
2026-05-23 15:32:46.890,70.2,28.3,38.0
2026-05-23 15:32:47.094,70.2,28.3,38.0
2026-05-23 15:32:47.297,68.5,28.3,38.0
2026-05-23 15:32:47.495,69.7,29.3,38.0
2026-05-23 15:32:47.704,68.9,28.8,38.1
2026-05-23 15:32:47.896,68.3,28.8,37.9
2026-05-23 15:32:48.111,67.6,28.8,38.2
2026-05-23 15:32:48.312,67.4,29.3,38.1
2026-05-23 15:32:48.513,67.9,28.3,38.1
2026-05-23 15:32:48.713,68.6,28.8,38.1
2026-05-23 15:32:48.923,67.5,28.3,37.9
2026-05-23 15:32:49.125,68.2,28.8,38.0
2026-05-23 15:32:49.329,67.9,29.3,38.0
2026-05-23 15:32:49.530,68.2,28.8,38.1
2026-05-23 15:32:49.736,68.3,28.3,38.2
2026-05-23 15:32:49.941,68.2,28.3,37.9
2026-05-23 15:32:50.140,68.4,29.3,38.1
2026-05-23 15:32:50.347,68.3,28.3,38.0
2026-05-23 15:32:50.547,68.1,28.8,38.1
2026-05-23 15:32:50.747,67.8,29.3,38.0
2026-05-23 15:32:50.956,68.4,28.8,38.1
2026-05-23 15:32:51.158,68.7,29.3,38.0
2026-05-23 15:32:51.364,68.2,28.3,37.9
2026-05-23 15:32:51.564,67.4,29.3,38.0
2026-05-23 15:32:51.764,67.4,29.3,38.0
2026-05-23 15:32:51.973,67.5,28.3,37.9
2026-05-23 15:32:52.175,67.7,29.3,38.1
2026-05-23 15:32:52.381,67.7,29.3,37.9
2026-05-23 15:32:52.581,67.9,28.3,38.2
2026-05-23 15:32:52.781,68.1,28.3,38.1
2026-05-23 15:32:52.988,68.4,28.3,38.0
2026-05-23 15:32:53.192,69.9,28.3,38.1
2026-05-23 15:32:53.398,70.2,28.8,37.9
2026-05-23 15:32:53.598,70.1,28.8,38.2
2026-05-23 15:32:53.798,70.0,29.3,38.1
2026-05-23 15:32:53.998,70.0,29.3,37.9
2026-05-23 15:32:54.198,63.4,29.3,38.1
2026-05-23 15:32:54.414,62.6,28.3,37.9
2026-05-23 15:32:54.615,62.1,29.3,38.0
2026-05-23 15:32:54.815,61.9,28.3,37.9
2026-05-23 15:32:55.015,62.0,28.3,38.1
2026-05-23 15:32:55.225,62.1,29.3,38.1
2026-05-23 15:32:55.429,61.7,28.3,38.0
2026-05-23 15:32:55.632,62.5,28.8,38.0
2026-05-23 15:32:55.832,69.6,28.8,38.1
2026-05-23 15:32:56.037,68.0,28.8,38.2
2026-05-23 15:32:56.241,68.1,28.8,38.1
2026-05-23 15:32:56.445,68.3,28.8,38.1
2026-05-23 15:32:56.649,69.5,29.3,38.0
2026-05-23 15:32:56.849,69.7,28.3,38.2
2026-05-23 15:32:57.057,70.1,28.8,38.1
2026-05-23 15:32:57.249,69.9,29.3,38.0
2026-05-23 15:32:57.463,70.1,29.3,38.1
2026-05-23 15:32:57.666,70.2,28.8,38.0
2026-05-23 15:32:57.866,70.1,28.8,38.1
2026-05-23 15:32:58.066,70.4,28.3,38.0
2026-05-23 15:32:58.276,70.3,28.3,38.1
2026-05-23 15:32:58.481,70.4,28.3,38.1
2026-05-23 15:32:58.684,71.2,28.8,38.2
2026-05-23 15:32:58.883,71.4,28.3,38.1
2026-05-23 15:32:59.089,71.6,29.3,38.0
2026-05-23 15:32:59.287,71.6,29.3,38.1
2026-05-23 15:32:59.494,71.6,29.3,38.0
2026-05-23 15:32:59.699,71.6,28.3,37.9
2026-05-23 15:32:59.901,71.7,28.3,37.9
2026-05-23 15:33:00.101,71.8,29.3,38.0
2026-05-23 15:33:00.301,71.6,28.3,37.9
2026-05-23 15:33:00.513,71.8,28.3,38.2
2026-05-23 15:33:00.717,71.6,28.8,38.0
2026-05-23 15:33:00.919,71.7,29.3,38.0
2026-05-23 15:33:01.118,72.0,29.3,38.1
2026-05-23 15:33:01.325,71.7,28.3,37.9
2026-05-23 15:33:01.530,71.9,28.3,38.2
2026-05-23 15:33:01.733,72.0,29.3,38.1
2026-05-23 15:33:01.934,71.8,28.3,37.9
2026-05-23 15:33:02.138,72.0,29.3,38.1
2026-05-23 15:33:02.338,71.8,28.3,38.0
2026-05-23 15:33:02.538,71.8,29.3,38.1
2026-05-23 15:33:02.750,71.9,28.3,38.1
2026-05-23 15:33:02.952,71.7,28.8,38.0
2026-05-23 15:33:03.152,71.6,29.3,38.0
2026-05-23 15:33:03.353,71.7,28.3,38.1
2026-05-23 15:33:03.561,71.8,28.3,38.0
2026-05-23 15:33:03.763,71.7,28.3,38.1
2026-05-23 15:33:03.968,71.7,28.3,38.2
2026-05-23 15:33:04.169,71.7,29.3,38.0
2026-05-23 15:33:04.376,71.6,28.8,38.0
2026-05-23 15:33:04.576,71.7,29.3,37.9
2026-05-23 15:33:04.783,71.7,28.8,38.1
2026-05-23 15:33:04.986,71.7,28.8,37.9
2026-05-23 15:33:05.188,71.7,28.8,38.1
2026-05-23 15:33:05.388,71.7,28.3,38.1
2026-05-23 15:33:05.596,71.7,28.3,38.2
2026-05-23 15:33:05.798,71.7,29.3,38.1
2026-05-23 15:33:06.003,71.6,29.3,38.0
2026-05-23 15:33:06.203,71.7,28.3,38.1
2026-05-23 15:33:06.406,71.8,28.3,38.1
2026-05-23 15:33:06.612,71.7,28.8,38.1
2026-05-23 15:33:06.814,71.8,28.3,38.1
2026-05-23 15:33:07.019,71.9,28.3,38.0
2026-05-23 15:33:07.220,71.8,29.3,38.0
2026-05-23 15:33:07.425,71.9,28.8,38.1
2026-05-23 15:33:07.626,71.9,29.3,38.1
2026-05-23 15:33:07.830,71.6,28.3,38.0
2026-05-23 15:33:08.036,71.8,28.8,38.0
2026-05-23 15:33:08.238,71.7,28.3,38.0
2026-05-23 15:33:08.437,71.5,28.3,37.9
2026-05-23 15:33:08.638,71.7,29.3,38.0
2026-05-23 15:33:08.837,71.6,28.3,38.0
2026-05-23 15:33:09.054,71.5,28.3,38.0
2026-05-23 15:33:09.254,71.5,29.3,38.0
2026-05-23 15:33:09.455,71.6,28.8,38.1
2026-05-23 15:33:09.655,71.6,28.3,38.2
2026-05-23 15:33:09.855,71.6,28.3,38.0
2026-05-23 15:33:10.065,71.7,28.3,38.1
2026-05-23 15:33:10.271,71.7,28.8,38.2
2026-05-23 15:33:10.475,71.7,29.3,38.1
2026-05-23 15:33:10.676,71.7,29.3,38.0
2026-05-23 15:33:10.882,71.5,28.3,38.1
2026-05-23 15:33:11.085,71.8,28.3,37.9
2026-05-23 15:33:11.288,71.4,28.3,38.1
2026-05-23 15:33:11.489,71.5,28.3,38.0
2026-05-23 15:33:11.689,71.6,29.3,38.0
2026-05-23 15:33:11.898,71.5,28.3,38.2
2026-05-23 15:33:12.100,71.6,28.3,38.2
2026-05-23 15:33:12.305,71.6,29.3,37.9
2026-05-23 15:33:12.505,71.5,28.3,38.2
2026-05-23 15:33:12.706,71.7,29.3,37.9
2026-05-23 15:33:12.906,71.7,28.3,38.1
2026-05-23 15:33:13.115,71.6,28.3,38.0
2026-05-23 15:33:13.322,71.6,29.3,38.2
2026-05-23 15:33:13.526,71.7,28.3,38.2
2026-05-23 15:33:13.725,71.7,29.3,38.1
2026-05-23 15:33:13.925,71.5,28.3,38.2
2026-05-23 15:33:14.125,71.7,28.8,38.0
2026-05-23 15:33:14.339,71.4,28.8,38.1
2026-05-23 15:33:14.539,71.6,28.3,38.1
2026-05-23 15:33:14.740,71.6,28.3,38.2
2026-05-23 15:33:14.940,71.4,28.3,38.0
2026-05-23 15:33:15.153,71.7,28.3,38.2
2026-05-23 15:33:15.356,71.7,28.3,38.1
2026-05-23 15:33:15.557,71.5,28.3,38.0
2026-05-23 15:33:15.762,71.7,29.3,38.0
2026-05-23 15:33:15.966,71.7,28.8,38.0
2026-05-23 15:33:16.167,71.7,28.8,38.2
2026-05-23 15:33:16.373,71.6,28.3,38.1
2026-05-23 15:33:16.576,71.8,28.8,38.1
2026-05-23 15:33:16.776,71.5,28.8,38.1
2026-05-23 15:33:16.975,71.6,29.3,38.1
2026-05-23 15:33:17.175,71.6,29.3,37.9
2026-05-23 15:33:17.388,71.4,28.3,38.0
2026-05-23 15:33:17.591,71.6,28.3,38.1
2026-05-23 15:33:17.791,71.6,28.3,38.1
2026-05-23 15:33:17.991,71.5,28.3,38.0
2026-05-23 15:33:18.202,71.7,28.3,38.1
2026-05-23 15:33:18.404,71.6,28.3,38.1
2026-05-23 15:33:18.608,71.7,28.3,38.2
2026-05-23 15:33:18.808,71.7,28.3,37.9
2026-05-23 15:33:19.008,71.7,28.3,38.1
2026-05-23 15:33:19.208,71.7,28.8,38.1
2026-05-23 15:33:19.422,71.7,29.3,38.0
2026-05-23 15:33:19.625,71.6,28.8,38.1
2026-05-23 15:33:19.827,71.5,28.3,38.1
2026-05-23 15:33:20.026,71.6,29.3,38.1
2026-05-23 15:33:20.235,71.4,29.3,38.0
2026-05-23 15:33:20.437,71.5,28.3,37.9
2026-05-23 15:33:20.642,71.7,28.3,38.1
2026-05-23 15:33:20.844,71.4,29.3,38.1
2026-05-23 15:33:21.042,71.6,28.3,38.2
2026-05-23 15:33:21.243,71.7,28.3,38.2
2026-05-23 15:33:21.454,71.5,29.3,37.9
2026-05-23 15:33:21.659,71.7,28.3,38.0
2026-05-23 15:33:21.859,71.8,28.8,38.1
2026-05-23 15:33:22.060,71.6,28.3,38.0
2026-05-23 15:33:22.268,71.6,28.8,38.2
2026-05-23 15:33:22.469,71.5,28.3,38.0
2026-05-23 15:33:22.676,71.6,29.3,37.9
2026-05-23 15:33:22.876,71.6,28.8,38.1
2026-05-23 15:33:23.077,71.7,28.3,38.0
2026-05-23 15:33:23.277,71.6,29.3,38.0
2026-05-23 15:33:23.488,71.8,28.3,38.1
2026-05-23 15:33:23.692,71.9,28.3,38.2
2026-05-23 15:33:23.893,71.7,28.8,37.9
2026-05-23 15:33:24.093,71.9,28.3,38.1
2026-05-23 15:33:24.293,71.7,29.3,38.0
2026-05-23 15:33:24.494,71.7,28.3,38.2
2026-05-23 15:33:24.707,71.2,28.3,38.0
2026-05-23 15:33:24.911,66.4,29.3,38.1
2026-05-23 15:33:25.110,71.2,28.3,37.9
2026-05-23 15:33:25.311,71.0,28.3,38.0
2026-05-23 15:33:25.519,70.6,28.3,38.2
2026-05-23 15:33:25.726,70.4,29.3,38.1
2026-05-23 15:33:25.928,70.3,28.8,38.1
2026-05-23 15:33:26.128,70.2,28.8,38.1
2026-05-23 15:33:26.328,70.3,28.3,38.1
2026-05-23 15:33:26.538,70.4,26.9,38.1
2026-05-23 15:33:26.739,70.7,27.4,38.2
2026-05-23 15:33:26.945,70.6,27.4,38.2
2026-05-23 15:33:27.145,70.4,27.9,38.2
2026-05-23 15:33:27.345,70.7,28.8,38.1
2026-05-23 15:33:27.555,70.7,28.8,38.1
2026-05-23 15:33:27.758,70.5,28.8,38.0
2026-05-23 15:33:27.962,70.2,29.3,38.1
2026-05-23 15:33:28.163,69.6,28.8,38.1
2026-05-23 15:33:28.363,69.4,29.3,38.1
2026-05-23 15:33:28.565,65.1,29.3,38.1
2026-05-23 15:33:28.773,67.9,28.8,38.0
2026-05-23 15:33:28.979,62.4,29.3,38.1
2026-05-23 15:33:29.179,62.3,28.3,38.2
2026-05-23 15:33:29.379,64.9,28.3,37.9
2026-05-23 15:33:29.588,69.2,28.3,38.1
2026-05-23 15:33:29.792,70.1,28.3,38.0
2026-05-23 15:33:29.995,70.2,28.3,38.1
2026-05-23 15:33:30.196,69.8,28.8,38.1
2026-05-23 15:33:30.396,69.9,28.8,37.9
2026-05-23 15:33:30.596,69.6,28.8,38.1
2026-05-23 15:33:30.808,69.8,28.3,38.1
2026-05-23 15:33:31.012,69.9,28.3,38.0
2026-05-23 15:33:31.213,69.5,29.3,38.0
2026-05-23 15:33:31.413,63.5,29.3,38.0
2026-05-23 15:33:31.613,70.2,28.3,38.0
2026-05-23 15:33:31.825,70.0,29.3,38.0
2026-05-23 15:33:32.026,70.2,29.3,38.1
2026-05-23 15:33:32.230,70.2,28.3,37.9
2026-05-23 15:33:32.430,70.0,29.3,38.1
2026-05-23 15:33:32.637,69.3,28.3,38.0
2026-05-23 15:33:32.841,69.4,28.3,37.9
2026-05-23 15:33:33.042,69.5,28.3,38.1
2026-05-23 15:33:33.248,69.5,28.3,38.1
2026-05-23 15:33:33.447,69.6,28.8,38.0
2026-05-23 15:33:33.654,69.4,28.8,38.0
2026-05-23 15:33:33.847,69.4,28.3,38.0
2026-05-23 15:33:34.061,69.3,28.3,38.0
2026-05-23 15:33:34.265,69.1,28.8,38.1
2026-05-23 15:33:34.464,69.3,28.3,38.1
2026-05-23 15:33:34.669,69.4,28.3,37.9
2026-05-23 15:33:34.869,69.0,29.3,38.1
2026-05-23 15:33:35.075,69.7,29.3,38.1
2026-05-23 15:33:35.282,71.1,28.8,38.1
2026-05-23 15:33:35.481,70.6,28.8,37.9
2026-05-23 15:33:35.687,70.8,28.3,38.0
2026-05-23 15:33:35.888,71.1,28.3,37.9
2026-05-23 15:33:36.094,70.9,28.3,38.1
2026-05-23 15:33:36.298,71.1,29.3,38.0
2026-05-23 15:33:36.498,71.1,28.3,37.9
2026-05-23 15:33:36.699,71.0,28.8,38.0
2026-05-23 15:33:36.899,70.9,28.3,38.0
2026-05-23 15:33:37.099,70.0,28.3,38.0
2026-05-23 15:33:37.314,69.6,28.8,37.9
2026-05-23 15:33:37.516,70.8,28.8,38.1
2026-05-23 15:33:37.715,71.1,28.3,38.1
2026-05-23 15:33:37.918,70.8,28.3,38.0
2026-05-23 15:33:38.127,70.4,28.3,38.2
2026-05-23 15:33:38.331,70.5,28.3,38.0
2026-05-23 15:33:38.533,70.3,28.3,38.0
2026-05-23 15:33:38.737,69.3,28.3,38.0
2026-05-23 15:33:38.940,70.4,28.3,38.1
2026-05-23 15:33:39.137,70.4,28.8,37.9
2026-05-23 15:33:39.347,70.4,28.3,38.0
2026-05-23 15:33:39.550,70.3,29.3,38.1
2026-05-23 15:33:39.750,70.3,28.3,38.1
2026-05-23 15:33:39.952,70.3,28.3,37.9
2026-05-23 15:33:40.161,70.7,28.3,38.0
2026-05-23 15:33:40.363,70.5,28.3,37.9
2026-05-23 15:33:40.567,70.5,28.8,38.1
2026-05-23 15:33:40.767,70.6,28.3,38.1
2026-05-23 15:33:40.967,70.5,28.3,37.9
2026-05-23 15:33:41.175,70.6,28.3,38.1
2026-05-23 15:33:41.381,70.6,29.3,38.0
2026-05-23 15:33:41.584,70.7,28.3,38.0
2026-05-23 15:33:41.787,70.4,29.3,38.1
2026-05-23 15:33:41.987,70.4,29.3,37.9
2026-05-23 15:33:42.195,70.7,28.3,38.1
2026-05-23 15:33:42.398,70.3,29.3,38.1
2026-05-23 15:33:42.601,70.4,28.8,37.9
2026-05-23 15:33:42.801,70.4,29.3,38.0
2026-05-23 15:33:43.006,70.3,28.3,38.0
2026-05-23 15:33:43.202,70.4,29.3,38.0
2026-05-23 15:33:43.414,70.6,28.8,38.1
2026-05-23 15:33:43.617,70.4,28.8,37.9
2026-05-23 15:33:43.818,70.8,28.8,37.9
2026-05-23 15:33:44.018,70.5,29.3,38.0
2026-05-23 15:33:44.225,70.5,28.8,38.0
2026-05-23 15:33:44.431,70.3,28.8,38.0
2026-05-23 15:33:44.634,70.6,28.3,37.9
2026-05-23 15:33:44.838,70.3,28.3,37.9
2026-05-23 15:33:45.038,70.3,29.3,38.0
2026-05-23 15:33:45.238,70.3,29.3,37.9
2026-05-23 15:33:45.437,70.2,29.3,38.1
2026-05-23 15:33:45.651,70.2,28.8,37.9
2026-05-23 15:33:45.852,70.5,28.3,38.0
2026-05-23 15:33:46.055,70.4,28.3,38.0
2026-05-23 15:33:46.252,70.5,28.3,37.8
2026-05-23 15:33:46.461,70.4,28.8,37.9
2026-05-23 15:33:46.662,70.4,29.3,37.9
2026-05-23 15:33:46.869,70.5,29.3,38.0
2026-05-23 15:33:47.070,70.6,28.8,38.0
2026-05-23 15:33:47.276,70.2,28.8,37.9
2026-05-23 15:33:47.478,70.5,28.8,37.9
2026-05-23 15:33:47.680,70.6,28.3,38.0
2026-05-23 15:33:47.887,70.2,28.3,37.9
2026-05-23 15:33:48.088,70.1,28.3,37.9
2026-05-23 15:33:48.287,70.3,28.8,37.9
2026-05-23 15:33:48.487,70.1,28.3,37.9
2026-05-23 15:33:48.687,70.4,28.3,38.0
2026-05-23 15:33:48.903,70.2,28.3,38.1
2026-05-23 15:33:49.104,70.3,28.8,37.9
2026-05-23 15:33:49.305,70.2,28.3,37.9
2026-05-23 15:33:49.514,70.3,28.3,38.1
2026-05-23 15:33:49.715,70.4,28.3,38.1
2026-05-23 15:33:49.920,70.2,29.3,38.0
2026-05-23 15:33:50.121,70.3,28.8,38.1
2026-05-23 15:33:50.326,70.4,28.3,38.0
2026-05-23 15:33:50.530,70.4,28.3,38.0
2026-05-23 15:33:50.732,70.3,28.8,37.9
2026-05-23 15:33:50.937,70.4,28.3,38.0
2026-05-23 15:33:51.137,70.3,29.3,38.0
2026-05-23 15:33:51.340,70.3,28.3,38.1
2026-05-23 15:33:51.538,70.3,28.3,38.0
2026-05-23 15:33:51.750,70.4,28.3,38.1
2026-05-23 15:33:51.954,70.4,28.8,37.9
2026-05-23 15:33:52.155,70.4,28.3,38.0
2026-05-23 15:33:52.357,70.4,28.3,38.1
2026-05-23 15:33:52.556,70.5,28.3,37.9
2026-05-23 15:33:52.761,70.2,28.3,37.9
2026-05-23 15:33:52.970,70.5,29.3,38.1
2026-05-23 15:33:53.172,70.3,28.8,37.9
2026-05-23 15:33:53.375,70.2,28.3,38.0
2026-05-23 15:33:53.575,69.2,28.3,38.1
2026-05-23 15:33:53.784,69.2,28.8,37.9
2026-05-23 15:33:53.988,68.0,28.3,38.1
2026-05-23 15:33:54.189,68.5,28.3,38.0
2026-05-23 15:33:54.389,68.8,29.3,38.0
2026-05-23 15:33:54.598,68.8,28.3,38.1
2026-05-23 15:33:54.800,68.6,28.3,38.0
2026-05-23 15:33:55.002,69.0,28.3,37.9
2026-05-23 15:33:55.206,69.1,28.3,38.1
2026-05-23 15:33:55.406,68.9,29.3,37.9
2026-05-23 15:33:55.606,69.2,29.3,38.1
2026-05-23 15:33:55.817,69.8,28.3,38.0
2026-05-23 15:33:56.018,69.4,28.3,38.1
2026-05-23 15:33:56.223,68.6,28.3,37.9
2026-05-23 15:33:56.425,69.0,28.3,38.0
2026-05-23 15:33:56.625,68.2,29.3,38.1
2026-05-23 15:33:56.825,67.8,28.3,38.1
2026-05-23 15:33:57.034,61.5,29.3,38.1
2026-05-23 15:33:57.240,67.1,28.3,38.0
2026-05-23 15:33:57.440,59.1,29.3,38.1
2026-05-23 15:33:57.640,58.2,28.3,38.0
2026-05-23 15:33:57.841,59.6,28.3,38.0
2026-05-23 15:33:58.050,62.4,28.3,37.9
2026-05-23 15:33:58.256,67.5,28.3,37.9
2026-05-23 15:33:58.457,59.3,28.3,38.1
2026-05-23 15:33:58.658,68.7,28.3,38.1
2026-05-23 15:33:58.857,67.4,29.3,37.9
2026-05-23 15:33:59.069,59.2,28.3,37.9
2026-05-23 15:33:59.273,66.9,28.8,38.1
2026-05-23 15:33:59.476,61.2,28.3,38.0
2026-05-23 15:33:59.675,65.6,28.8,38.0
2026-05-23 15:33:59.875,63.1,28.3,38.0
2026-05-23 15:34:00.083,57.3,28.3,38.1
2026-05-23 15:34:00.290,57.2,29.3,38.0
2026-05-23 15:34:00.491,55.6,29.3,38.1
2026-05-23 15:34:00.692,58.0,28.3,38.0
2026-05-23 15:34:00.892,58.4,28.3,38.0
2026-05-23 15:34:01.092,60.6,29.3,38.1
2026-05-23 15:34:01.304,68.3,29.3,38.0
2026-05-23 15:34:01.509,68.5,29.3,38.1
2026-05-23 15:34:01.709,69.0,29.3,38.1
2026-05-23 15:34:01.908,69.2,28.3,38.0
2026-05-23 15:34:02.120,69.3,29.3,38.0
2026-05-23 15:34:02.319,69.6,28.3,38.0
2026-05-23 15:34:02.526,69.6,28.3,38.0
2026-05-23 15:34:02.727,69.3,28.3,38.1
2026-05-23 15:34:02.925,69.7,28.3,37.9
2026-05-23 15:34:03.126,69.8,28.3,38.1
2026-05-23 15:34:03.338,69.9,28.3,38.2
2026-05-23 15:34:03.542,70.0,29.3,38.1
2026-05-23 15:34:03.743,70.1,28.3,37.9
2026-05-23 15:34:03.945,70.2,28.3,38.0
2026-05-23 15:34:04.153,70.5,29.3,38.0
2026-05-23 15:34:04.354,70.4,28.8,37.9
2026-05-23 15:34:04.560,70.5,29.3,37.9
2026-05-23 15:34:04.760,70.8,28.3,38.1
2026-05-23 15:34:04.960,70.9,29.3,38.1
2026-05-23 15:34:05.168,71.1,28.3,38.0
2026-05-23 15:34:05.360,71.4,29.3,38.0
2026-05-23 15:34:05.577,71.4,29.3,38.1
2026-05-23 15:34:05.779,71.4,28.3,38.1
2026-05-23 15:34:05.979,71.6,28.3,38.0
2026-05-23 15:34:06.186,71.4,28.8,37.9
2026-05-23 15:34:06.388,70.0,28.3,38.0
2026-05-23 15:34:06.593,69.5,28.3,37.9
2026-05-23 15:34:06.794,67.6,28.3,38.1
2026-05-23 15:34:06.994,67.5,28.3,38.0
2026-05-23 15:34:07.194,66.5,28.3,38.0
2026-05-23 15:34:07.407,66.1,28.3,37.9
2026-05-23 15:34:07.610,66.1,28.8,38.1
2026-05-23 15:34:07.811,66.1,29.3,37.9
2026-05-23 15:34:08.011,66.0,28.3,38.0
2026-05-23 15:34:08.211,66.0,29.3,38.1
2026-05-23 15:34:08.422,65.8,29.3,38.1
2026-05-23 15:34:08.627,65.7,29.3,38.1
2026-05-23 15:34:08.828,66.1,28.3,38.0
2026-05-23 15:34:09.028,66.3,29.3,37.9
2026-05-23 15:34:09.228,65.9,29.3,38.1
2026-05-23 15:34:09.438,66.4,28.3,38.0
2026-05-23 15:34:09.638,66.3,28.3,37.9
2026-05-23 15:34:09.845,66.2,28.3,38.1
2026-05-23 15:34:10.045,66.2,29.3,38.0
2026-05-23 15:34:10.245,66.1,29.3,38.0
2026-05-23 15:34:10.446,66.4,28.8,38.0
2026-05-23 15:34:10.657,66.5,28.3,38.0
2026-05-23 15:34:10.862,66.5,28.8,37.9
2026-05-23 15:34:11.062,67.2,28.3,38.0
2026-05-23 15:34:11.262,67.8,28.3,38.1
2026-05-23 15:34:11.462,67.0,28.8,38.0
2026-05-23 15:34:11.676,68.5,28.8,37.9
2026-05-23 15:34:11.879,68.9,28.8,38.1
2026-05-23 15:34:12.079,71.1,29.3,38.1
2026-05-23 15:34:12.280,71.3,28.8,37.9
2026-05-23 15:34:12.487,71.5,28.3,37.9
2026-05-23 15:34:12.689,71.4,28.3,38.0
2026-05-23 15:34:12.896,71.2,29.3,38.2
2026-05-23 15:34:13.096,71.1,28.8,38.2
2026-05-23 15:34:13.297,70.8,28.8,38.1
2026-05-23 15:34:13.498,70.6,28.3,38.1
2026-05-23 15:34:13.707,70.3,28.3,38.0
2026-05-23 15:34:13.914,69.6,29.3,38.2
2026-05-23 15:34:14.113,69.6,28.3,37.9
2026-05-23 15:34:14.313,68.9,28.3,38.1
2026-05-23 15:34:14.514,67.9,28.3,38.1
2026-05-23 15:34:14.725,67.4,28.3,38.1
2026-05-23 15:34:14.929,67.4,28.3,37.9
2026-05-23 15:34:15.131,66.6,28.8,39.7
2026-05-23 15:34:15.331,68.9,23.9,38.7
2026-05-23 15:34:15.537,63.4,24.4,39.2
2026-05-23 15:34:15.743,57.5,20.5,39.2
2026-05-23 15:34:15.943,58.2,16.6,38.9
2026-05-23 15:34:16.148,44.2,16.6,39.0
2026-05-23 15:34:16.350,43.4,26.4,38.4
2026-05-23 15:34:16.548,43.1,25.9,31.4
2026-05-23 15:34:16.758,42.0,26.9,31.8
2026-05-23 15:34:16.959,39.0,24.4,32.6
2026-05-23 15:34:17.165,40.7,24.4,30.7
2026-05-23 15:34:17.365,40.0,24.4,30.4
2026-05-23 15:34:17.565,43.0,24.9,29.8
2026-05-23 15:34:17.776,42.6,24.4,29.3
2026-05-23 15:34:17.979,43.2,23.9,29.3
2026-05-23 15:34:18.182,44.0,23.5,29.4
2026-05-23 15:34:18.382,46.9,23.9,29.3
2026-05-23 15:34:18.588,53.0,24.4,29.1
2026-05-23 15:34:18.792,60.5,23.9,29.0
2026-05-23 15:34:18.994,60.8,23.9,29.2
2026-05-23 15:34:19.199,61.9,23.5,29.0
2026-05-23 15:34:19.399,64.0,23.0,29.1
2026-05-23 15:34:19.599,60.8,23.9,28.9
2026-05-23 15:34:19.799,61.6,23.5,29.0
2026-05-23 15:34:20.012,63.2,22.5,29.1
2026-05-23 15:34:20.216,62.7,23.5,29.1
2026-05-23 15:34:20.416,63.9,17.1,29.8
2026-05-23 15:34:20.619,63.8,19.1,28.3
2026-05-23 15:34:20.826,65.3,20.5,28.8
2026-05-23 15:34:21.025,62.6,16.6,29.5
2026-05-23 15:34:21.233,60.6,18.1,29.0
2026-05-23 15:34:21.433,60.0,16.6,28.8
2026-05-23 15:34:21.638,60.0,14.7,28.8
2026-05-23 15:34:21.838,60.3,16.6,28.8
2026-05-23 15:34:22.046,63.9,16.6,28.5
2026-05-23 15:34:22.249,67.3,17.1,28.6
2026-05-23 15:34:22.451,68.5,18.6,28.6
2026-05-23 15:34:22.653,68.8,18.6,28.6
2026-05-23 15:34:22.851,69.4,18.1,28.6
2026-05-23 15:34:23.051,69.6,17.1,28.6
2026-05-23 15:34:23.260,68.9,16.6,28.6
2026-05-23 15:34:23.467,69.2,18.6,28.4
2026-05-23 15:34:23.668,68.9,17.1,28.5
2026-05-23 15:34:23.875,69.2,18.1,28.5
2026-05-23 15:34:24.078,68.8,17.6,28.6
2026-05-23 15:34:24.283,68.8,17.1,28.6
2026-05-23 15:34:24.484,68.9,16.6,28.5
2026-05-23 15:34:24.688,68.9,18.1,28.3
2026-05-23 15:34:24.888,69.3,18.1,28.4
2026-05-23 15:34:25.095,69.1,15.2,28.4
2026-05-23 15:34:25.299,69.2,16.6,28.6
2026-05-23 15:34:25.501,68.7,19.1,28.4
2026-05-23 15:34:25.701,68.7,19.1,28.4
2026-05-23 15:34:25.902,68.9,20.0,28.4
2026-05-23 15:34:26.102,68.7,23.0,28.3
2026-05-23 15:34:26.310,68.5,24.4,28.2
2026-05-23 15:34:26.518,66.4,23.5,28.1
2026-05-23 15:34:26.719,65.7,22.5,28.3
2026-05-23 15:34:26.925,65.9,14.7,28.4
2026-05-23 15:34:27.125,66.4,3.4,29.3
2026-05-23 15:34:27.332,66.4,1.0,28.7
2026-05-23 15:34:27.535,66.7,2.9,28.9
2026-05-23 15:34:27.737,67.0,2.4,29.1
2026-05-23 15:34:27.937,66.7,2.4,29.1
2026-05-23 15:34:28.138,66.3,0.0,29.1
2026-05-23 15:34:28.348,66.8,1.0,29.1
2026-05-23 15:34:28.553,67.0,1.5,29.2
2026-05-23 15:34:28.753,66.5,1.0,29.0
2026-05-23 15:34:28.953,66.9,0.0,28.8
2026-05-23 15:34:29.153,67.7,20.5,28.2
2026-05-23 15:34:29.365,66.7,14.2,28.5
2026-05-23 15:34:29.569,67.6,29.8,28.0
2026-05-23 15:34:29.770,69.0,20.5,28.3
2026-05-23 15:34:29.975,69.8,21.0,28.3
2026-05-23 15:34:30.176,69.8,26.4,27.9
2026-05-23 15:34:30.376,69.8,28.3,28.2
2026-05-23 15:34:30.575,70.0,26.9,28.1
2026-05-23 15:34:30.788,70.0,26.9,28.2
2026-05-23 15:34:30.987,70.1,27.4,28.2
2026-05-23 15:34:31.187,70.2,27.4,28.3
2026-05-23 15:34:31.395,70.3,27.9,28.2
2026-05-23 15:34:31.599,70.4,27.4,28.3
2026-05-23 15:34:31.804,70.3,27.4,28.3
2026-05-23 15:34:32.005,70.2,27.9,28.2
2026-05-23 15:34:32.210,70.5,27.9,28.1
2026-05-23 15:34:32.413,70.4,27.4,28.2
2026-05-23 15:34:32.616,70.4,27.4,28.3
2026-05-23 15:34:32.821,70.5,26.4,28.3
2026-05-23 15:34:33.025,70.5,24.9,28.3
2026-05-23 15:34:33.226,70.7,25.9,28.2
2026-05-23 15:34:33.426,70.6,25.4,28.3
2026-05-23 15:34:33.625,70.8,24.9,28.3
2026-05-23 15:34:33.838,70.7,24.4,28.3
2026-05-23 15:34:34.038,70.6,24.4,28.3
2026-05-23 15:34:34.238,70.5,23.0,28.3
2026-05-23 15:34:34.438,70.6,22.5,28.3
2026-05-23 15:34:34.650,70.6,23.5,28.3
2026-05-23 15:34:34.855,70.8,24.4,28.3
2026-05-23 15:34:35.055,70.9,23.9,28.3
2026-05-23 15:34:35.259,71.1,24.4,28.3
2026-05-23 15:34:35.465,70.8,24.4,28.3
2026-05-23 15:34:35.656,70.7,24.4,28.3
2026-05-23 15:34:35.872,70.9,24.4,28.3
2026-05-23 15:34:36.072,70.6,25.9,28.3
2026-05-23 15:34:36.275,70.8,25.9,28.3
2026-05-23 15:34:36.475,70.8,25.9,28.2
2026-05-23 15:34:36.675,70.6,24.9,28.3
2026-05-23 15:34:36.888,70.6,26.4,28.2
2026-05-23 15:34:37.089,70.6,26.9,28.2
2026-05-23 15:34:37.289,70.9,27.9,28.1
2026-05-23 15:34:37.490,70.9,26.4,28.2
2026-05-23 15:34:37.699,70.9,26.9,28.2
2026-05-23 15:34:37.899,70.8,26.9,28.1
2026-05-23 15:34:38.107,70.9,26.4,28.2
2026-05-23 15:34:38.307,70.9,26.9,28.1
2026-05-23 15:34:38.506,70.9,26.4,28.1
2026-05-23 15:34:38.716,71.4,26.9,28.2
2026-05-23 15:34:38.918,71.3,26.4,28.2
2026-05-23 15:34:39.124,71.4,27.9,28.1
2026-05-23 15:34:39.327,71.5,26.4,28.2
2026-05-23 15:34:39.525,71.4,27.9,28.1
2026-05-23 15:34:39.734,71.3,26.4,28.1
2026-05-23 15:34:39.937,71.7,27.9,28.1
2026-05-23 15:34:40.141,71.3,26.4,28.2
2026-05-23 15:34:40.341,71.7,26.4,28.2
2026-05-23 15:34:40.541,71.5,26.4,28.1
2026-05-23 15:34:40.751,71.7,26.9,28.1
2026-05-23 15:34:40.941,71.4,26.9,28.1
2026-05-23 15:34:41.158,71.6,26.4,28.1
2026-05-23 15:34:41.358,71.5,27.4,28.0
2026-05-23 15:34:41.558,71.7,26.9,28.1
2026-05-23 15:34:41.768,71.6,27.4,28.0
2026-05-23 15:34:41.969,71.6,26.4,28.2
2026-05-23 15:34:42.175,71.7,27.4,28.1
2026-05-23 15:34:42.376,71.7,26.9,28.1
2026-05-23 15:34:42.575,71.5,26.4,28.0
2026-05-23 15:34:42.776,71.7,26.9,28.0
2026-05-23 15:34:42.987,71.6,26.4,28.1
2026-05-23 15:34:43.191,71.5,26.4,28.1
2026-05-23 15:34:43.393,71.7,26.9,28.0
2026-05-23 15:34:43.594,71.6,26.4,28.2
2026-05-23 15:34:43.792,71.7,26.4,28.1
2026-05-23 15:34:44.004,71.8,26.9,28.2
2026-05-23 15:34:44.208,71.7,26.4,28.1
2026-05-23 15:34:44.409,71.5,26.9,28.0
2026-05-23 15:34:44.609,71.6,26.4,28.2
2026-05-23 15:34:44.809,71.6,26.9,28.1
2026-05-23 15:34:45.020,71.7,26.9,28.2
2026-05-23 15:34:45.222,71.6,24.4,28.1
2026-05-23 15:34:45.426,71.5,25.9,28.1
2026-05-23 15:34:45.627,71.5,24.9,28.1
2026-05-23 15:34:45.827,71.7,24.9,28.0
2026-05-23 15:34:46.037,71.7,24.9,28.0
2026-05-23 15:34:46.238,71.7,25.9,28.2
2026-05-23 15:34:46.444,71.5,24.4,28.2
2026-05-23 15:34:46.644,71.7,26.4,28.2
2026-05-23 15:34:46.844,71.8,25.9,28.2
2026-05-23 15:34:47.054,71.6,24.9,28.1
2026-05-23 15:34:47.255,71.6,26.4,28.1
2026-05-23 15:34:47.460,71.6,25.9,28.2
2026-05-23 15:34:47.660,71.5,26.4,28.3
2026-05-23 15:34:47.860,71.5,24.4,28.3
2026-05-23 15:34:48.061,71.9,25.9,28.2
2026-05-23 15:34:48.270,71.6,24.4,28.1
2026-05-23 15:34:48.477,71.8,25.9,28.3
2026-05-23 15:34:48.678,71.9,25.9,28.2
2026-05-23 15:34:48.877,71.7,25.4,28.2
2026-05-23 15:34:49.087,71.6,24.9,28.3
2026-05-23 15:34:49.288,71.7,25.9,28.2
2026-05-23 15:34:49.494,71.7,25.9,28.1
2026-05-23 15:34:49.695,71.7,24.9,28.1
2026-05-23 15:34:49.895,71.6,24.9,28.1
2026-05-23 15:34:50.098,71.6,25.9,28.2
2026-05-23 15:34:50.303,71.8,25.9,28.3
2026-05-23 15:34:50.511,71.6,25.9,28.1
2026-05-23 15:34:50.711,71.6,24.9,28.2
2026-05-23 15:34:50.912,71.6,24.4,28.2
2026-05-23 15:34:51.112,71.8,25.9,28.1
2026-05-23 15:34:51.312,71.6,25.9,28.2
2026-05-23 15:34:51.527,71.8,24.4,28.1
2026-05-23 15:34:51.728,71.6,24.4,28.0
2026-05-23 15:34:51.929,71.6,24.9,28.0
2026-05-23 15:34:52.138,71.6,24.4,28.2
2026-05-23 15:34:52.340,71.6,24.4,28.2
2026-05-23 15:34:52.544,71.5,25.9,28.2
2026-05-23 15:34:52.746,71.6,24.4,28.2
2026-05-23 15:34:52.946,71.5,24.4,28.0
2026-05-23 15:34:53.146,71.7,25.9,28.2
2026-05-23 15:34:53.355,71.8,25.4,28.1
2026-05-23 15:34:53.562,71.8,25.9,28.2
2026-05-23 15:34:53.763,71.6,24.4,28.2
2026-05-23 15:34:53.963,71.6,24.9,28.1
2026-05-23 15:34:54.170,71.5,24.4,28.2
2026-05-23 15:34:54.372,71.7,25.4,28.2
2026-05-23 15:34:54.575,71.7,24.4,28.2
2026-05-23 15:34:54.780,71.4,24.9,28.0
2026-05-23 15:34:54.980,71.7,24.4,28.0
2026-05-23 15:34:55.187,71.8,25.9,28.2
2026-05-23 15:34:55.387,71.4,24.4,28.0
2026-05-23 15:34:55.591,71.8,25.9,28.1
2026-05-23 15:34:55.797,71.9,25.4,28.1
2026-05-23 15:34:55.997,71.7,24.4,28.1
2026-05-23 15:34:56.198,71.5,24.9,28.1
2026-05-23 15:34:56.398,71.7,24.9,28.2
2026-05-23 15:34:56.610,71.7,25.9,28.2
2026-05-23 15:34:56.813,71.7,24.9,28.0
2026-05-23 15:34:57.014,71.9,25.4,28.1
2026-05-23 15:34:57.219,71.5,24.4,28.0
2026-05-23 15:34:57.415,71.7,24.4,28.1
2026-05-23 15:34:57.626,71.9,25.4,28.1
2026-05-23 15:34:57.830,71.7,24.9,28.1
2026-05-23 15:34:58.033,71.7,24.4,28.2
2026-05-23 15:34:58.233,71.6,24.4,28.2
2026-05-23 15:34:58.438,71.6,24.9,28.0
2026-05-23 15:34:58.642,71.7,24.9,28.0
2026-05-23 15:34:58.847,71.6,24.4,28.2
2026-05-23 15:34:59.048,71.8,25.4,28.1
2026-05-23 15:34:59.249,71.8,24.4,28.1
2026-05-23 15:34:59.448,71.8,24.4,28.1
2026-05-23 15:34:59.648,71.5,25.4,28.1
2026-05-23 15:34:59.863,71.8,24.4,27.9
2026-05-23 15:35:00.065,71.6,24.4,28.2
2026-05-23 15:35:00.270,71.7,24.4,28.0
2026-05-23 15:35:00.466,71.6,24.9,28.1
2026-05-23 15:35:00.676,71.6,25.9,28.0
2026-05-23 15:35:00.876,71.7,25.9,28.1
2026-05-23 15:35:01.082,71.9,25.4,28.1
2026-05-23 15:35:01.282,71.7,24.9,27.9
2026-05-23 15:35:01.487,71.7,25.9,28.1
2026-05-23 15:35:01.688,71.6,24.4,28.2
2026-05-23 15:35:01.888,71.6,24.4,28.1
2026-05-23 15:35:02.099,71.7,24.4,27.9
2026-05-23 15:35:02.304,71.7,24.4,28.1
2026-05-23 15:35:02.499,71.6,24.4,28.2
2026-05-23 15:35:02.710,71.7,25.4,28.1
2026-05-23 15:35:02.911,71.8,24.9,28.0
2026-05-23 15:35:03.116,71.6,25.4,28.0
2026-05-23 15:35:03.317,71.9,25.4,28.1
2026-05-23 15:35:03.517,71.9,25.4,28.1
2026-05-23 15:35:03.726,71.5,24.9,28.0
2026-05-23 15:35:03.925,71.8,25.4,28.1
2026-05-23 15:35:04.134,71.6,25.4,28.1
2026-05-23 15:35:04.334,71.6,24.4,28.1
2026-05-23 15:35:04.538,71.7,24.9,28.1
2026-05-23 15:35:04.744,71.7,25.4,28.0
2026-05-23 15:35:04.937,71.7,24.9,28.1
2026-05-23 15:35:05.150,71.8,24.9,28.1
2026-05-23 15:35:05.351,71.8,25.4,28.1
2026-05-23 15:35:05.551,71.8,24.9,28.1
2026-05-23 15:35:05.751,71.7,24.4,27.9
2026-05-23 15:35:05.962,71.8,24.9,28.1
2026-05-23 15:35:06.166,71.6,25.4,28.0
2026-05-23 15:35:06.368,71.6,25.4,28.1
2026-05-23 15:35:06.568,71.7,24.4,28.0
2026-05-23 15:35:06.776,71.7,24.4,28.2
2026-05-23 15:35:06.975,71.8,24.4,27.9
2026-05-23 15:35:07.183,72.0,24.9,28.1
2026-05-23 15:35:07.385,71.7,24.4,28.1
2026-05-23 15:35:07.587,71.7,25.4,28.1
2026-05-23 15:35:07.794,71.6,24.4,28.1
2026-05-23 15:35:07.987,71.5,24.4,28.1
2026-05-23 15:35:08.199,71.9,25.4,27.9
2026-05-23 15:35:08.402,71.7,24.4,28.1
2026-05-23 15:35:08.604,71.7,24.9,28.1
2026-05-23 15:35:08.802,71.7,25.4,28.1
2026-05-23 15:35:09.002,71.6,24.9,28.0
2026-05-23 15:35:09.215,71.5,24.4,28.1
2026-05-23 15:35:09.419,71.9,24.9,28.1
2026-05-23 15:35:09.619,71.6,24.4,27.9
2026-05-23 15:35:09.826,71.7,24.9,27.9
2026-05-23 15:35:10.025,71.6,25.4,28.1
2026-05-23 15:35:10.233,72.0,24.4,27.9
2026-05-23 15:35:10.436,71.8,24.9,28.1
2026-05-23 15:35:10.638,71.7,25.4,27.9
2026-05-23 15:35:10.838,71.8,25.4,28.1
2026-05-23 15:35:11.038,71.8,24.4,28.1
2026-05-23 15:35:11.243,71.8,25.4,28.1
2026-05-23 15:35:11.452,71.8,25.4,28.1
2026-05-23 15:35:11.654,71.6,24.4,28.1
2026-05-23 15:35:11.854,71.9,25.4,27.9
2026-05-23 15:35:12.062,72.0,24.4,28.0
2026-05-23 15:35:12.265,71.9,24.4,28.1
2026-05-23 15:35:12.470,71.8,25.4,28.0
2026-05-23 15:35:12.671,71.8,25.4,28.1
2026-05-23 15:35:12.876,71.8,24.4,28.0
2026-05-23 15:35:13.080,72.0,25.4,28.1
2026-05-23 15:35:13.276,71.6,24.4,28.1
2026-05-23 15:35:13.486,71.8,24.4,28.0
2026-05-23 15:35:13.689,71.9,24.4,27.9
2026-05-23 15:35:13.888,71.6,24.4,28.1
2026-05-23 15:35:14.095,72.0,24.4,28.0
2026-05-23 15:35:14.299,71.9,24.4,28.1
2026-05-23 15:35:14.505,71.7,24.4,28.1
2026-05-23 15:35:14.705,71.7,25.4,28.1
2026-05-23 15:35:14.909,71.9,25.4,28.1
2026-05-23 15:35:15.105,71.7,24.9,28.0
2026-05-23 15:35:15.313,71.8,24.4,28.1
2026-05-23 15:35:15.520,71.7,24.4,27.9
2026-05-23 15:35:15.722,71.6,24.4,28.1
2026-05-23 15:35:15.925,71.6,24.4,28.1
2026-05-23 15:35:16.125,71.9,24.9,28.0
2026-05-23 15:35:16.332,71.7,24.4,28.1
2026-05-23 15:35:16.532,71.7,24.9,28.0
2026-05-23 15:35:16.739,72.0,24.4,28.1
2026-05-23 15:35:16.939,71.9,24.4,27.9
2026-05-23 15:35:17.140,71.7,24.4,28.0
2026-05-23 15:35:17.350,71.6,24.4,28.1
2026-05-23 15:35:17.554,71.8,24.4,28.1
2026-05-23 15:35:17.756,71.7,24.4,28.1
2026-05-23 15:35:17.956,71.6,24.9,28.0
2026-05-23 15:35:18.156,71.6,24.4,27.9
2026-05-23 15:35:18.356,71.7,24.4,28.1
2026-05-23 15:35:18.567,71.8,25.4,28.1
2026-05-23 15:35:18.773,71.7,24.4,28.0
2026-05-23 15:35:18.975,71.9,23.9,28.1
2026-05-23 15:35:19.178,71.5,24.4,28.1
2026-05-23 15:35:19.383,71.7,24.4,27.9
2026-05-23 15:35:19.586,71.5,24.4,28.1
2026-05-23 15:35:19.791,71.6,23.9,27.9
2026-05-23 15:35:19.990,71.7,24.4,28.1
2026-05-23 15:35:20.191,71.7,24.4,28.1
2026-05-23 15:35:20.399,71.3,23.9,28.1
2026-05-23 15:35:20.605,71.2,24.4,28.1
2026-05-23 15:35:20.805,71.4,24.4,27.9
2026-05-23 15:35:21.008,71.3,24.4,27.9
2026-05-23 15:35:21.207,71.3,23.9,28.1
2026-05-23 15:35:21.416,71.5,24.4,28.0
2026-05-23 15:35:21.621,71.1,23.9,28.1
2026-05-23 15:35:21.822,71.1,24.4,27.9
2026-05-23 15:35:22.025,71.1,23.9,28.0
2026-05-23 15:35:22.225,71.1,23.9,28.2
2026-05-23 15:35:22.425,71.0,20.0,28.2
2026-05-23 15:35:22.627,71.2,24.4,28.0
2026-05-23 15:35:22.838,70.9,19.1,28.3
2026-05-23 15:35:23.041,70.9,20.5,28.3
2026-05-23 15:35:23.242,70.9,22.5,28.2
2026-05-23 15:35:23.441,70.9,25.4,28.1
2026-05-23 15:35:23.650,70.7,24.9,27.9
2026-05-23 15:35:23.849,70.7,24.4,27.9
2026-05-23 15:35:24.058,70.6,25.4,28.1
2026-05-23 15:35:24.258,70.7,24.4,28.1
2026-05-23 15:35:24.459,70.9,24.4,28.1
2026-05-23 15:35:24.659,70.6,24.4,28.1
2026-05-23 15:35:24.870,71.0,24.9,28.1
2026-05-23 15:35:25.076,70.7,24.4,28.1
2026-05-23 15:35:25.275,70.6,24.4,27.9
2026-05-23 15:35:25.476,70.6,24.9,28.0
2026-05-23 15:35:25.676,71.1,24.4,28.1
2026-05-23 15:35:25.887,70.5,24.4,28.0
2026-05-23 15:35:26.092,70.7,24.4,28.1
2026-05-23 15:35:26.293,71.1,23.9,28.1
2026-05-23 15:35:26.493,70.8,23.0,28.0
2026-05-23 15:35:26.693,71.3,24.9,27.9
2026-05-23 15:35:26.904,71.4,24.4,27.9
2026-05-23 15:35:27.108,71.5,24.9,28.1
2026-05-23 15:35:27.310,71.3,23.0,28.2
2026-05-23 15:35:27.510,71.7,22.5,28.2
2026-05-23 15:35:27.710,71.6,23.5,28.2
2026-05-23 15:35:27.918,71.6,23.0,28.1
2026-05-23 15:35:28.125,71.7,19.1,28.3
2026-05-23 15:35:28.329,71.5,23.5,28.0
2026-05-23 15:35:28.527,71.5,23.5,28.2
2026-05-23 15:35:28.736,71.5,23.0,28.0
2026-05-23 15:35:28.939,71.2,22.5,28.1
2026-05-23 15:35:29.139,71.5,24.4,28.1
2026-05-23 15:35:29.344,71.3,24.9,28.1
2026-05-23 15:35:29.544,71.4,24.9,28.1
2026-05-23 15:35:29.744,71.7,24.4,28.0
2026-05-23 15:35:29.949,71.1,23.9,28.1
2026-05-23 15:35:30.158,71.0,23.5,27.9
2026-05-23 15:35:30.361,71.4,21.0,28.1
2026-05-23 15:35:30.562,71.4,23.5,28.2
2026-05-23 15:35:30.768,71.3,23.0,28.1
2026-05-23 15:35:30.962,71.2,22.5,28.0
2026-05-23 15:35:31.176,71.6,23.0,28.1
2026-05-23 15:35:31.379,71.6,23.5,28.1
2026-05-23 15:35:31.578,71.1,24.4,27.9
2026-05-23 15:35:31.781,71.1,24.4,28.0
2026-05-23 15:35:31.988,71.4,24.4,28.0
2026-05-23 15:35:32.188,71.2,24.4,28.1
2026-05-23 15:35:32.395,71.6,25.4,27.9
2026-05-23 15:35:32.595,71.0,24.4,28.0
2026-05-23 15:35:32.795,71.6,24.4,28.0
2026-05-23 15:35:32.996,71.2,24.9,28.0
2026-05-23 15:35:33.209,71.3,24.4,27.9
2026-05-23 15:35:33.412,71.5,24.9,27.8
2026-05-23 15:35:33.612,71.2,24.4,27.9
2026-05-23 15:35:33.812,71.4,24.9,28.0
2026-05-23 15:35:34.013,71.6,25.4,27.8
2026-05-23 15:35:34.225,71.6,24.4,28.0
2026-05-23 15:35:34.428,71.6,24.4,27.9
2026-05-23 15:35:34.629,71.8,25.4,28.0
2026-05-23 15:35:34.830,71.2,25.4,27.9
2026-05-23 15:35:35.038,71.7,25.4,28.0
2026-05-23 15:35:35.242,71.8,25.4,28.0
2026-05-23 15:35:35.445,71.3,24.4,28.0
2026-05-23 15:35:35.646,71.5,24.4,28.0
2026-05-23 15:35:35.846,71.7,24.4,28.0
2026-05-23 15:35:36.047,71.5,24.4,27.9
2026-05-23 15:35:36.247,71.6,25.4,28.0
2026-05-23 15:35:36.456,71.3,24.4,28.0
2026-05-23 15:35:36.664,71.6,25.4,27.8
2026-05-23 15:35:36.867,71.7,24.4,28.0
2026-05-23 15:35:37.063,71.3,24.4,28.0
2026-05-23 15:35:37.274,71.5,24.4,28.0
2026-05-23 15:35:37.476,71.6,24.9,28.0
2026-05-23 15:35:37.681,71.6,25.4,28.0
2026-05-23 15:35:37.881,71.6,24.4,28.0
2026-05-23 15:35:38.087,71.3,24.9,27.8
2026-05-23 15:35:38.292,71.1,25.4,28.0
2026-05-23 15:35:38.490,71.0,24.4,27.9
2026-05-23 15:35:38.698,71.3,24.4,27.9
2026-05-23 15:35:38.898,71.1,24.4,28.0
2026-05-23 15:35:39.098,71.2,24.4,28.0
2026-05-23 15:35:39.298,71.4,24.9,28.0
2026-05-23 15:35:39.510,71.3,25.4,27.9
2026-05-23 15:35:39.715,71.2,25.4,27.9
2026-05-23 15:35:39.918,71.7,24.4,27.9
2026-05-23 15:35:40.119,71.4,24.4,28.0
2026-05-23 15:35:40.323,71.2,24.4,28.0
2026-05-23 15:35:40.526,71.1,24.9,28.0
2026-05-23 15:35:40.732,71.2,25.4,27.8
2026-05-23 15:35:40.935,71.1,24.4,27.8
2026-05-23 15:35:41.138,71.3,24.9,27.9
2026-05-23 15:35:41.340,71.1,24.9,28.0
2026-05-23 15:35:41.541,71.3,25.4,27.8
2026-05-23 15:35:41.746,71.4,24.4,27.8
2026-05-23 15:35:41.951,71.4,24.4,28.0
2026-05-23 15:35:42.155,71.5,25.4,28.0
2026-05-23 15:35:42.355,71.0,24.4,28.0
2026-05-23 15:35:42.556,71.2,24.9,27.9
2026-05-23 15:35:42.759,71.3,24.4,28.0
2026-05-23 15:35:42.965,71.2,24.9,27.8
2026-05-23 15:35:43.170,71.1,24.4,27.9
2026-05-23 15:35:43.374,71.6,25.4,27.9
2026-05-23 15:35:43.578,71.2,24.4,27.8
2026-05-23 15:35:43.775,71.3,24.4,28.0
2026-05-23 15:35:43.983,71.4,24.4,27.9
2026-05-23 15:35:44.188,71.3,24.9,28.0
2026-05-23 15:35:44.390,71.1,24.4,27.8
2026-05-23 15:35:44.595,71.3,25.4,27.8
2026-05-23 15:35:44.794,71.3,25.4,28.0
2026-05-23 15:35:45.000,71.3,24.4,28.0
2026-05-23 15:35:45.205,71.1,24.9,27.8
2026-05-23 15:35:45.408,71.0,24.9,27.8
2026-05-23 15:35:45.610,71.6,24.4,28.0
2026-05-23 15:35:45.814,71.2,24.9,27.8
2026-05-23 15:35:46.016,71.1,25.4,28.0
2026-05-23 15:35:46.214,71.2,24.4,28.0
2026-05-23 15:35:46.423,71.5,24.4,27.9
2026-05-23 15:35:46.628,71.2,25.4,27.9
2026-05-23 15:35:46.827,71.6,24.4,28.0
2026-05-23 15:35:47.033,71.5,24.4,28.0
2026-05-23 15:35:47.237,71.1,24.4,28.0
2026-05-23 15:35:47.440,71.6,24.4,28.0
2026-05-23 15:35:47.643,71.5,25.4,27.9
2026-05-23 15:35:47.843,71.4,24.4,27.9
2026-05-23 15:35:48.052,71.2,24.4,27.9
2026-05-23 15:35:48.254,71.1,24.4,27.9
2026-05-23 15:35:48.458,71.2,24.9,27.9
2026-05-23 15:35:48.659,71.1,24.4,27.9
2026-05-23 15:35:48.864,71.2,24.4,28.0
2026-05-23 15:35:49.065,71.1,24.4,27.8
2026-05-23 15:35:49.268,71.2,24.4,28.0
2026-05-23 15:35:49.473,71.0,24.4,28.0
2026-05-23 15:35:49.677,71.3,24.9,27.9
2026-05-23 15:35:49.879,71.5,24.9,27.8
2026-05-23 15:35:50.083,70.9,24.4,28.0
2026-05-23 15:35:50.288,71.1,24.4,27.8
2026-05-23 15:35:50.490,71.5,24.4,28.0
2026-05-23 15:35:50.690,71.3,24.4,28.0
2026-05-23 15:35:50.895,71.3,25.4,27.9
2026-05-23 15:35:51.099,71.5,24.4,27.7
2026-05-23 15:35:51.304,71.5,24.4,27.8
2026-05-23 15:35:51.502,71.3,24.4,28.0
2026-05-23 15:35:51.708,71.2,24.4,27.9
2026-05-23 15:35:51.909,71.3,24.4,27.9
2026-05-23 15:35:52.113,71.6,24.4,27.8
2026-05-23 15:35:52.321,71.5,25.4,27.7
2026-05-23 15:35:52.517,71.3,24.4,27.9
2026-05-23 15:35:52.727,71.3,24.4,27.7
2026-05-23 15:35:52.929,71.1,24.4,27.8
2026-05-23 15:35:53.130,71.2,24.4,27.9
2026-05-23 15:35:53.338,71.4,24.4,27.8
2026-05-23 15:35:53.540,71.2,24.9,27.8
2026-05-23 15:35:53.744,71.2,24.4,27.8
2026-05-23 15:35:53.941,71.4,24.9,27.9
2026-05-23 15:35:54.146,71.3,24.4,27.9
2026-05-23 15:35:54.353,71.6,25.4,27.7
2026-05-23 15:35:54.555,71.3,24.4,27.9
2026-05-23 15:35:54.759,71.3,25.4,27.9
2026-05-23 15:35:54.958,71.3,24.4,27.9
2026-05-23 15:35:55.166,71.4,24.4,27.7
2026-05-23 15:35:55.369,71.1,24.4,27.9
2026-05-23 15:35:55.573,71.6,24.4,27.9
2026-05-23 15:35:55.776,71.5,24.9,27.9
2026-05-23 15:35:55.976,71.5,25.4,27.7
2026-05-23 15:35:56.181,71.2,24.4,27.8
2026-05-23 15:35:56.387,71.1,24.4,27.7
2026-05-23 15:35:56.590,71.6,24.9,27.8
2026-05-23 15:35:56.794,71.3,24.4,27.9
2026-05-23 15:35:56.997,71.4,25.4,27.9
2026-05-23 15:35:57.196,71.3,24.4,27.9
2026-05-23 15:35:57.400,71.3,24.4,27.7
2026-05-23 15:35:57.606,71.1,24.4,27.9
2026-05-23 15:35:57.808,71.5,24.9,27.9
2026-05-23 15:35:58.014,71.6,24.4,27.9
2026-05-23 15:35:58.216,71.5,24.9,27.8
2026-05-23 15:35:58.419,71.3,24.9,27.7
2026-05-23 15:35:58.623,71.7,24.4,27.9
2026-05-23 15:35:58.826,71.3,24.4,27.8
2026-05-23 15:35:59.030,71.2,24.4,27.9
2026-05-23 15:35:59.231,71.2,24.4,27.9
2026-05-23 15:35:59.437,71.0,24.4,27.8
2026-05-23 15:35:59.640,71.1,24.4,27.8
2026-05-23 15:35:59.843,71.2,24.4,27.8
2026-05-23 15:36:00.047,70.9,24.4,27.8
2026-05-23 15:36:00.248,71.0,25.4,27.7
2026-05-23 15:36:00.453,71.3,25.4,27.8
2026-05-23 15:36:00.657,71.1,25.4,27.9
2026-05-23 15:36:00.860,71.3,25.4,27.8
2026-05-23 15:36:01.059,71.0,24.4,27.8
2026-05-23 15:36:01.265,71.1,24.9,27.9
2026-05-23 15:36:01.457,71.1,24.9,27.7
2026-05-23 15:36:01.674,71.5,24.4,27.8
2026-05-23 15:36:01.876,71.4,24.4,27.7
2026-05-23 15:36:02.076,71.5,24.4,27.9
2026-05-23 15:36:02.276,71.5,24.4,27.8
2026-05-23 15:36:02.479,71.3,25.4,27.9
2026-05-23 15:36:02.688,71.5,25.4,27.9
2026-05-23 15:36:02.894,71.2,24.4,27.8
2026-05-23 15:36:03.088,71.3,24.9,27.9
2026-05-23 15:36:03.296,71.5,25.4,27.8
2026-05-23 15:36:03.503,71.4,25.4,27.8
2026-05-23 15:36:03.701,71.1,24.4,27.8
2026-05-23 15:36:03.910,71.4,24.9,27.7
2026-05-23 15:36:04.108,71.0,24.4,27.9
2026-05-23 15:36:04.310,71.5,24.9,27.9
2026-05-23 15:36:04.517,71.4,24.4,27.9
2026-05-23 15:36:04.708,71.1,24.4,27.8
2026-05-23 15:36:04.926,71.6,25.4,27.9
2026-05-23 15:36:05.129,71.2,24.4,27.9
2026-05-23 15:36:05.325,71.2,24.9,27.8
2026-05-23 15:36:05.531,71.2,24.4,27.9
2026-05-23 15:36:05.739,71.3,24.4,27.7
2026-05-23 15:36:05.942,71.5,24.4,27.9
2026-05-23 15:36:06.141,71.3,24.4,27.9
2026-05-23 15:36:06.342,71.6,24.4,27.7
2026-05-23 15:36:06.549,71.4,24.9,27.7
2026-05-23 15:36:06.754,71.3,24.4,27.9
2026-05-23 15:36:06.950,71.3,24.4,27.8
2026-05-23 15:36:07.157,71.1,24.4,27.8
2026-05-23 15:36:07.360,71.3,24.9,27.9
2026-05-23 15:36:07.562,71.4,23.9,27.7
2026-05-23 15:36:07.770,71.1,24.4,27.9
2026-05-23 15:36:07.975,71.5,24.9,27.8
2026-05-23 15:36:08.178,71.1,24.4,27.7
2026-05-23 15:36:08.379,71.2,24.4,27.9
2026-05-23 15:36:08.586,71.6,24.4,27.9
2026-05-23 15:36:08.790,71.4,25.4,27.7
2026-05-23 15:36:08.993,71.2,24.4,27.7
2026-05-23 15:36:09.195,71.2,24.4,27.7
2026-05-23 15:36:09.397,71.3,24.4,27.8
2026-05-23 15:36:09.600,71.6,24.4,27.9
2026-05-23 15:36:09.806,71.4,25.4,27.9
2026-05-23 15:36:10.010,71.5,24.4,27.8
2026-05-23 15:36:10.213,71.2,24.4,27.8
2026-05-23 15:36:10.417,71.2,24.4,27.7
2026-05-23 15:36:10.617,71.1,24.4,27.7
2026-05-23 15:36:10.810,71.2,24.4,27.9
2026-05-23 15:36:11.026,71.1,24.4,27.8
2026-05-23 15:36:11.228,71.3,24.9,27.7
2026-05-23 15:36:11.428,71.2,23.9,27.7
2026-05-23 15:36:11.627,71.6,24.4,27.7
2026-05-23 15:36:11.838,71.2,24.4,27.9
2026-05-23 15:36:12.043,71.6,24.4,27.6
2026-05-23 15:36:12.243,71.3,24.4,27.9
2026-05-23 15:36:12.445,71.2,24.4,27.7
2026-05-23 15:36:12.647,71.5,24.9,27.8
2026-05-23 15:36:12.857,71.4,24.4,27.7
2026-05-23 15:36:13.059,71.4,24.4,27.7
2026-05-23 15:36:13.261,71.7,24.4,27.8
2026-05-23 15:36:13.463,71.5,24.4,27.7
2026-05-23 15:36:13.668,71.2,24.4,27.7
2026-05-23 15:36:13.871,71.7,24.4,27.8
2026-05-23 15:36:14.076,71.1,24.4,27.8
2026-05-23 15:36:14.276,71.2,24.4,27.8
2026-05-23 15:36:14.481,71.3,24.4,27.8
2026-05-23 15:36:14.676,71.2,24.4,27.8
2026-05-23 15:36:14.887,71.6,24.9,27.8
2026-05-23 15:36:15.089,71.3,24.4,27.8
2026-05-23 15:36:15.296,71.3,24.9,27.8
2026-05-23 15:36:15.492,71.1,24.4,27.7
2026-05-23 15:36:15.703,71.1,25.4,27.7
2026-05-23 15:36:15.898,71.3,24.4,27.7
2026-05-23 15:36:16.108,71.3,25.4,27.7
2026-05-23 15:36:16.305,71.3,25.4,27.6
2026-05-23 15:36:16.509,71.2,24.4,27.8
2026-05-23 15:36:16.719,71.3,24.4,27.8
2026-05-23 15:36:16.918,71.0,24.4,27.8
2026-05-23 15:36:17.126,71.1,24.4,27.6
2026-05-23 15:36:17.328,71.6,24.4,27.7
2026-05-23 15:36:17.526,71.1,24.4,27.6
2026-05-23 15:36:17.732,71.2,24.4,27.8
2026-05-23 15:36:17.938,71.4,24.9,27.7
2026-05-23 15:36:18.137,71.4,24.4,27.8
2026-05-23 15:36:18.346,71.3,25.4,27.8
2026-05-23 15:36:18.545,71.5,24.4,27.8
2026-05-23 15:36:18.749,71.1,24.4,27.8
2026-05-23 15:36:18.953,71.4,25.4,27.7
2026-05-23 15:36:19.159,71.3,24.9,27.6
2026-05-23 15:36:19.358,71.4,24.4,27.8
2026-05-23 15:36:19.564,71.5,24.4,27.8
2026-05-23 15:36:19.763,71.5,23.9,27.7
2026-05-23 15:36:19.970,71.1,24.4,27.7
2026-05-23 15:36:20.176,71.3,24.9,27.6
2026-05-23 15:36:20.379,71.2,24.4,27.8
2026-05-23 15:36:20.580,71.2,24.9,27.8
2026-05-23 15:36:20.781,71.2,24.4,27.6
2026-05-23 15:36:20.987,71.2,23.9,27.6
2026-05-23 15:36:21.188,71.0,18.1,27.9
2026-05-23 15:36:21.389,71.2,21.0,27.7
2026-05-23 15:36:21.598,71.1,21.0,27.8
2026-05-23 15:36:21.798,70.4,20.5,27.8
2026-05-23 15:36:22.007,70.3,24.9,27.8
2026-05-23 15:36:22.204,70.1,24.4,27.8
2026-05-23 15:36:22.412,70.2,24.4,27.7
2026-05-23 15:36:22.614,70.4,24.4,27.8
2026-05-23 15:36:22.814,70.8,24.4,27.8
2026-05-23 15:36:23.020,70.7,23.9,27.7
2026-05-23 15:36:23.225,70.9,24.4,27.8
2026-05-23 15:36:23.428,70.8,24.4,27.7
2026-05-23 15:36:23.631,70.7,28.8,27.4
2026-05-23 15:36:23.832,70.8,28.3,27.6
2026-05-23 15:36:24.039,70.6,28.8,27.6
2026-05-23 15:36:24.240,70.7,28.3,27.4
2026-05-23 15:36:24.446,70.8,29.3,27.5
2026-05-23 15:36:24.648,70.5,29.3,27.5
2026-05-23 15:36:24.848,70.6,29.3,27.5
2026-05-23 15:36:25.056,70.9,29.3,27.6
2026-05-23 15:36:25.256,70.7,28.8,27.6
2026-05-23 15:36:25.456,71.0,29.3,27.5
2026-05-23 15:36:25.665,70.7,29.3,27.6
2026-05-23 15:36:25.866,70.6,29.3,27.6
2026-05-23 15:36:26.072,70.7,29.3,27.4
2026-05-23 15:36:26.274,70.6,29.3,27.6
2026-05-23 15:36:26.475,70.7,29.3,27.4
2026-05-23 15:36:26.682,70.6,28.8,27.6
2026-05-23 15:36:26.883,70.7,28.3,27.5
2026-05-23 15:36:27.088,70.7,28.3,27.6
2026-05-23 15:36:27.292,70.8,29.3,27.5
2026-05-23 15:36:27.496,70.7,29.3,27.5
2026-05-23 15:36:27.698,70.6,28.3,27.4
2026-05-23 15:36:27.899,70.9,28.3,27.6
2026-05-23 15:36:28.105,70.8,28.3,27.5
2026-05-23 15:36:28.308,70.7,28.3,27.6
2026-05-23 15:36:28.507,70.7,28.3,27.5
2026-05-23 15:36:28.708,70.6,28.8,27.4
2026-05-23 15:36:28.918,70.4,29.3,27.5
2026-05-23 15:36:29.117,70.6,29.3,27.4
2026-05-23 15:36:29.326,70.2,29.3,27.6
2026-05-23 15:36:29.525,70.2,29.3,27.5
2026-05-23 15:36:29.726,69.9,28.3,27.3
2026-05-23 15:36:29.934,70.1,28.3,27.5
2026-05-23 15:36:30.137,70.0,29.3,27.5
2026-05-23 15:36:30.342,70.2,28.8,27.5
2026-05-23 15:36:30.546,70.4,29.3,27.4
2026-05-23 15:36:30.743,70.7,29.3,27.3
2026-05-23 15:36:30.951,70.4,28.8,27.5
2026-05-23 15:36:31.151,70.7,28.3,27.4
2026-05-23 15:36:31.358,70.5,28.3,27.5
2026-05-23 15:36:31.561,70.6,28.8,27.5
2026-05-23 15:36:31.760,70.5,28.8,27.5
2026-05-23 15:36:31.968,70.5,29.3,27.5
2026-05-23 15:36:32.168,70.4,28.3,27.4
2026-05-23 15:36:32.375,70.2,28.3,27.3
2026-05-23 15:36:32.579,70.2,28.3,27.6
2026-05-23 15:36:32.780,70.0,28.3,27.6
2026-05-23 15:36:32.985,70.4,28.3,27.5
2026-05-23 15:36:33.188,70.5,29.3,27.5
2026-05-23 15:36:33.388,70.2,28.3,27.4
2026-05-23 15:36:33.595,70.4,28.8,27.3
2026-05-23 15:36:33.792,70.2,28.3,27.4
2026-05-23 15:36:34.001,70.1,28.3,27.5
2026-05-23 15:36:34.210,70.4,29.3,27.4
2026-05-23 15:36:34.403,70.3,28.3,27.5
2026-05-23 15:36:34.611,70.1,29.3,27.4
2026-05-23 15:36:34.851,70.3,29.3,27.5
2026-05-23 15:36:35.018,70.4,29.3,27.5
2026-05-23 15:36:35.222,70.4,29.3,27.5
2026-05-23 15:36:35.420,70.3,28.3,27.4
2026-05-23 15:36:35.629,70.0,28.3,27.3
2026-05-23 15:36:35.831,69.7,29.3,27.4
2026-05-23 15:36:36.029,69.4,28.8,27.4
2026-05-23 15:36:36.237,69.3,28.3,27.3
2026-05-23 15:36:36.437,69.3,28.8,27.5
2026-05-23 15:36:36.645,69.1,27.9,27.3
2026-05-23 15:36:36.849,68.8,28.3,27.5
2026-05-23 15:36:37.045,68.8,28.8,27.3
2026-05-23 15:36:37.253,69.4,29.3,27.3
2026-05-23 15:36:37.454,69.8,28.3,27.4
2026-05-23 15:36:37.662,70.3,29.3,27.5
2026-05-23 15:36:37.864,70.8,28.8,27.3
2026-05-23 15:36:38.061,71.2,29.3,27.3
2026-05-23 15:36:38.270,71.1,28.3,27.4
2026-05-23 15:36:38.475,71.4,28.3,27.3
2026-05-23 15:36:38.678,71.0,28.3,27.4
2026-05-23 15:36:38.880,71.4,28.3,27.3
2026-05-23 15:36:39.085,71.0,28.3,27.3
2026-05-23 15:36:39.288,71.2,29.3,27.3
2026-05-23 15:36:39.488,71.0,28.3,27.4
2026-05-23 15:36:39.694,71.1,28.3,27.3
2026-05-23 15:36:39.897,71.0,28.3,27.3
2026-05-23 15:36:40.098,71.2,28.3,27.3
2026-05-23 15:36:40.304,71.1,28.8,27.2
2026-05-23 15:36:40.505,70.9,28.3,27.4
2026-05-23 15:36:40.711,71.1,28.8,27.3
2026-05-23 15:36:40.913,71.2,29.3,27.4
2026-05-23 15:36:41.113,71.2,28.3,27.3
2026-05-23 15:36:41.321,71.1,28.8,27.3
2026-05-23 15:36:41.522,71.4,29.3,27.4
2026-05-23 15:36:41.726,71.3,28.3,27.4
2026-05-23 15:36:41.931,71.3,28.3,27.4
2026-05-23 15:36:42.129,71.0,28.8,27.3
2026-05-23 15:36:42.337,71.1,29.3,27.5
2026-05-23 15:36:42.541,71.2,26.9,27.5
2026-05-23 15:36:42.745,70.7,26.4,27.5
2026-05-23 15:36:42.946,71.1,26.4,27.4
2026-05-23 15:36:43.145,71.2,27.9,27.5
2026-05-23 15:36:43.356,71.1,26.4,27.3
2026-05-23 15:36:43.558,71.1,27.4,27.5
2026-05-23 15:36:43.756,71.3,26.4,27.4
2026-05-23 15:36:43.964,71.0,27.4,27.3
2026-05-23 15:36:44.168,71.0,26.4,27.5
2026-05-23 15:36:44.366,71.3,26.4,27.5
2026-05-23 15:36:44.573,71.3,26.9,27.5
2026-05-23 15:36:44.776,71.4,26.9,27.5
2026-05-23 15:36:44.982,71.4,27.9,27.4
2026-05-23 15:36:45.183,71.0,27.4,27.5
2026-05-23 15:36:45.388,71.1,27.4,27.5
2026-05-23 15:36:45.591,71.0,26.9,27.3
2026-05-23 15:36:45.791,71.3,26.9,27.3
2026-05-23 15:36:45.997,71.0,26.4,27.6
2026-05-23 15:36:46.198,70.9,26.4,27.5
2026-05-23 15:36:46.398,71.1,26.9,27.6
2026-05-23 15:36:46.607,71.1,26.4,27.5
2026-05-23 15:36:46.807,71.0,26.9,27.5
2026-05-23 15:36:47.014,70.8,26.4,27.5
2026-05-23 15:36:47.214,70.6,25.4,27.4
2026-05-23 15:36:47.415,71.0,11.2,27.7
2026-05-23 15:36:47.624,72.5,15.2,28.0
2026-05-23 15:36:47.838,70.9,19.1,27.8
2026-05-23 15:36:48.031,70.9,13.7,28.0
2026-05-23 15:36:48.233,72.3,10.8,28.0
2026-05-23 15:36:48.437,71.7,14.7,27.7
2026-05-23 15:36:48.638,70.9,20.5,27.8
2026-05-23 15:36:48.842,70.8,20.5,27.7
2026-05-23 15:36:49.042,70.8,23.5,27.8
2026-05-23 15:36:49.250,70.6,23.0,27.7
2026-05-23 15:36:49.450,70.4,22.0,27.7
2026-05-23 15:36:49.657,70.9,24.4,27.6
2026-05-23 15:36:49.858,70.9,24.9,27.5
2026-05-23 15:36:50.059,71.1,25.9,27.6
2026-05-23 15:36:50.267,71.0,24.4,27.6
2026-05-23 15:36:50.471,70.7,25.4,27.6
2026-05-23 15:36:50.668,71.1,25.4,27.5
2026-05-23 15:36:50.876,71.1,25.4,27.6
2026-05-23 15:36:51.076,70.8,25.4,27.5
2026-05-23 15:36:51.284,71.2,24.4,27.5
2026-05-23 15:36:51.487,70.5,24.4,27.6
2026-05-23 15:36:51.688,70.6,24.4,27.7
2026-05-23 15:36:51.892,70.7,24.4,27.6
2026-05-23 15:36:52.093,70.4,25.9,27.6
2026-05-23 15:36:52.294,70.5,25.9,27.5
2026-05-23 15:36:52.500,70.7,25.4,27.5
2026-05-23 15:36:52.701,70.9,24.4,27.6
2026-05-23 15:36:52.909,71.0,24.4,27.6
2026-05-23 15:36:53.109,70.8,25.9,27.6
2026-05-23 15:36:53.317,71.1,24.4,27.4
2026-05-23 15:36:53.518,71.2,24.4,27.5
2026-05-23 15:36:53.717,70.7,24.9,27.6
2026-05-23 15:36:53.927,71.2,24.4,27.6
2026-05-23 15:36:54.127,71.2,25.9,27.5
2026-05-23 15:36:54.327,71.0,25.4,27.5
2026-05-23 15:36:54.538,70.9,24.9,27.5
2026-05-23 15:36:54.738,70.9,24.4,27.5
2026-05-23 15:36:54.944,70.7,24.9,27.6
2026-05-23 15:36:55.144,70.8,24.9,27.5
2026-05-23 15:36:55.351,71.1,25.9,27.6
2026-05-23 15:36:55.553,70.9,25.9,27.4
2026-05-23 15:36:55.758,70.8,24.9,27.5
2026-05-23 15:36:55.961,71.2,24.9,27.6
2026-05-23 15:36:56.161,71.2,24.9,27.4
2026-05-23 15:36:56.361,71.3,24.4,27.5
2026-05-23 15:36:56.569,71.3,24.4,27.5
2026-05-23 15:36:56.769,71.0,24.4,27.5
2026-05-23 15:36:56.978,70.8,24.9,27.5
2026-05-23 15:36:57.179,71.0,24.9,27.4
2026-05-23 15:36:57.383,71.1,24.4,27.5
2026-05-23 15:36:57.588,71.0,26.4,27.5
2026-05-23 15:36:57.788,71.0,24.9,27.4
2026-05-23 15:36:57.989,70.9,26.4,27.5
2026-05-23 15:36:58.196,71.1,24.4,27.4
2026-05-23 15:36:58.396,71.0,26.4,27.5
2026-05-23 15:36:58.604,70.8,24.9,27.3
2026-05-23 15:36:58.803,70.6,26.9,27.3
2026-05-23 15:36:59.007,70.9,24.9,27.4
2026-05-23 15:36:59.212,70.6,25.9,27.5
2026-05-23 15:36:59.412,70.6,26.4,27.4
2026-05-23 15:36:59.620,70.8,26.4,27.5
2026-05-23 15:36:59.822,70.6,24.9,27.3
2026-05-23 15:37:00.025,71.0,26.4,27.4
2026-05-23 15:37:00.230,70.9,26.4,27.5
2026-05-23 15:37:00.429,70.6,26.9,27.3
2026-05-23 15:37:00.639,70.8,24.9,27.5
2026-05-23 15:37:00.837,71.0,26.4,27.4
2026-05-23 15:37:01.038,70.6,26.9,27.5
2026-05-23 15:37:01.247,70.6,26.9,27.3
2026-05-23 15:37:01.446,70.6,26.4,27.4
2026-05-23 15:37:01.654,70.7,24.9,27.5
2026-05-23 15:37:01.858,70.8,26.9,27.3
2026-05-23 15:37:02.055,70.8,25.9,27.5
2026-05-23 15:37:02.263,70.9,26.4,27.3
2026-05-23 15:37:02.463,70.8,26.9,27.4
2026-05-23 15:37:02.667,70.7,24.4,27.3
2026-05-23 15:37:02.873,70.8,25.9,27.5
2026-05-23 15:37:03.075,70.6,26.9,27.3
2026-05-23 15:37:03.280,70.7,25.9,27.5
2026-05-23 15:37:03.482,71.0,24.9,27.4
2026-05-23 15:37:03.681,70.7,25.9,27.4
2026-05-23 15:37:03.888,70.6,26.4,27.5
2026-05-23 15:37:04.089,70.8,24.9,27.5
2026-05-23 15:37:04.289,70.6,25.9,27.5
2026-05-23 15:37:04.498,70.6,26.4,27.5
2026-05-23 15:37:04.698,71.0,26.4,27.3
2026-05-23 15:37:04.906,70.7,25.9,27.5
2026-05-23 15:37:05.106,71.1,26.4,27.4
2026-05-23 15:37:05.314,71.3,25.9,27.3
2026-05-23 15:37:05.514,70.8,25.9,27.4
2026-05-23 15:37:05.715,71.1,25.9,27.3
2026-05-23 15:37:05.924,70.9,26.4,27.5
2026-05-23 15:37:06.125,70.9,25.9,27.5
2026-05-23 15:37:06.326,70.9,25.9,27.5
2026-05-23 15:37:06.532,71.2,24.9,27.3
2026-05-23 15:37:06.732,71.1,25.9,27.4
2026-05-23 15:37:06.939,71.0,25.9,27.5
2026-05-23 15:37:07.140,71.3,24.9,27.3
2026-05-23 15:37:07.341,70.9,24.9,27.3
2026-05-23 15:37:07.549,70.8,25.9,27.3
2026-05-23 15:37:07.758,70.8,26.4,27.4
2026-05-23 15:37:07.957,70.8,25.9,27.5
2026-05-23 15:37:08.157,70.8,24.9,27.4
2026-05-23 15:37:08.359,71.1,24.9,27.4
2026-05-23 15:37:08.566,70.9,25.9,27.3
2026-05-23 15:37:08.766,71.0,25.9,27.4
2026-05-23 15:37:08.967,71.4,24.9,27.5
2026-05-23 15:37:09.176,70.9,25.9,27.5
2026-05-23 15:37:09.380,71.3,24.4,27.3
2026-05-23 15:37:09.583,71.3,25.4,27.3
2026-05-23 15:37:09.784,71.0,25.4,27.5
2026-05-23 15:37:09.987,71.2,24.4,27.4
2026-05-23 15:37:10.194,71.2,24.9,27.4
2026-05-23 15:37:10.396,70.9,25.9,27.4
2026-05-23 15:37:10.599,71.0,25.9,27.5
2026-05-23 15:37:10.803,70.8,25.9,27.4
2026-05-23 15:37:11.000,71.1,24.4,27.3
2026-05-23 15:37:11.209,71.1,24.4,27.3
2026-05-23 15:37:11.409,70.9,25.9,27.4
2026-05-23 15:37:11.607,70.9,24.9,27.3
2026-05-23 15:37:11.817,70.9,25.4,27.4
2026-05-23 15:37:12.018,71.0,24.4,27.3
2026-05-23 15:37:12.227,71.1,24.4,27.4
2026-05-23 15:37:12.426,71.0,24.4,27.4
2026-05-23 15:37:12.627,71.1,24.4,27.4
2026-05-23 15:37:12.834,71.2,25.9,27.3
2026-05-23 15:37:13.038,71.2,25.4,27.5
2026-05-23 15:37:13.242,70.9,24.4,27.3
2026-05-23 15:37:13.518,69.3,0.0,29.4
2026-05-23 15:37:13.726,71.7,0.0,29.9
2026-05-23 15:37:13.935,70.6,23.9,28.2
2026-05-23 15:37:14.133,70.4,25.4,28.2
2026-05-23 15:37:14.335,70.7,23.5,28.3
2026-05-23 15:37:14.538,70.5,22.5,28.2
2026-05-23 15:37:14.743,70.4,22.0,28.3
2026-05-23 15:37:14.943,70.7,22.0,28.3
2026-05-23 15:37:15.144,70.8,19.6,28.4
2026-05-23 15:37:15.353,70.7,21.0,28.5
2026-05-23 15:37:15.552,70.6,22.0,28.3
2026-05-23 15:37:15.760,71.0,20.5,28.4
2026-05-23 15:37:15.962,70.3,25.4,28.3
2026-05-23 15:37:16.161,70.5,24.4,28.1
2026-05-23 15:37:16.369,70.8,25.9,28.1
2026-05-23 15:37:16.569,70.4,25.9,28.2
2026-05-23 15:37:16.775,70.8,24.4,28.2
2026-05-23 15:37:16.979,70.4,24.9,28.1
2026-05-23 15:37:17.177,70.8,26.4,28.1
2026-05-23 15:37:17.386,70.5,24.9,28.1
2026-05-23 15:37:17.590,70.5,25.9,28.3
2026-05-23 15:37:17.788,70.6,26.4,28.2
2026-05-23 15:37:17.996,70.8,24.9,28.2
2026-05-23 15:37:18.193,70.6,26.4,28.2
2026-05-23 15:37:18.403,70.6,26.4,28.2
2026-05-23 15:37:18.603,70.8,26.4,28.1
2026-05-23 15:37:18.804,70.8,25.9,28.1
2026-05-23 15:37:19.013,70.5,25.9,28.2
2026-05-23 15:37:19.211,71.0,24.9,28.2
2026-05-23 15:37:19.420,70.5,25.9,28.3
2026-05-23 15:37:19.620,70.6,26.4,28.2
2026-05-23 15:37:19.825,70.6,26.9,28.2
2026-05-23 15:37:20.029,70.5,25.9,28.2
2026-05-23 15:37:20.229,70.7,26.9,28.3
2026-05-23 15:37:20.430,70.9,26.4,28.2
2026-05-23 15:37:20.639,70.8,24.9,28.1
2026-05-23 15:37:20.842,70.5,26.9,28.2
2026-05-23 15:37:21.038,70.8,24.9,28.3
2026-05-23 15:37:21.248,70.5,26.9,28.3
2026-05-23 15:37:21.449,70.5,26.9,28.2
2026-05-23 15:37:21.655,70.6,24.4,28.3
2026-05-23 15:37:21.857,70.7,26.9,28.2
2026-05-23 15:37:22.055,70.7,26.4,28.2
2026-05-23 15:37:22.266,70.7,26.4,28.1
2026-05-23 15:37:22.465,70.7,26.4,28.2
2026-05-23 15:37:22.672,70.9,24.9,28.1
2026-05-23 15:37:22.876,71.0,24.4,28.3
2026-05-23 15:37:23.076,70.8,24.9,28.1
2026-05-23 15:37:23.280,70.6,26.4,28.3
2026-05-23 15:37:23.484,70.5,24.4,28.2
2026-05-23 15:37:23.689,70.4,26.4,28.2
2026-05-23 15:37:23.888,70.8,24.9,28.2
2026-05-23 15:37:24.089,70.8,24.9,28.2
2026-05-23 15:37:24.295,70.7,24.9,28.1
2026-05-23 15:37:24.500,70.8,26.4,28.1
2026-05-23 15:37:24.704,70.6,26.4,28.2
2026-05-23 15:37:24.908,70.5,25.9,28.1
2026-05-23 15:37:25.113,70.6,26.4,28.2
2026-05-23 15:37:25.315,70.4,25.9,28.2
2026-05-23 15:37:25.519,70.5,26.4,28.1
2026-05-23 15:37:25.722,70.8,26.9,28.0
2026-05-23 15:37:25.925,70.6,26.4,28.2
2026-05-23 15:37:26.125,70.5,25.9,28.2
2026-05-23 15:37:26.329,70.7,26.4,28.0
2026-05-23 15:37:26.532,70.4,26.9,28.2
2026-05-23 15:37:26.738,70.7,26.4,28.1
2026-05-23 15:37:26.940,70.6,26.9,28.2
2026-05-23 15:37:27.141,70.6,26.9,28.2
2026-05-23 15:37:27.370,70.8,26.9,28.0
2026-05-23 15:37:27.551,70.9,25.9,28.1
2026-05-23 15:37:27.756,70.8,26.9,28.2
2026-05-23 15:37:27.957,70.8,24.9,28.1
2026-05-23 15:37:28.157,70.4,26.9,28.0
2026-05-23 15:37:28.364,70.8,24.9,28.2
2026-05-23 15:37:28.564,70.5,26.4,28.1
2026-05-23 15:37:28.766,70.5,25.9,28.2
2026-05-23 15:37:28.975,70.5,26.4,28.1
2026-05-23 15:37:29.176,70.7,24.4,28.1
2026-05-23 15:37:29.382,70.6,26.4,28.1
2026-05-23 15:37:29.584,70.6,24.4,28.2
2026-05-23 15:37:29.788,71.0,24.9,28.1
2026-05-23 15:37:29.991,70.4,26.4,28.2
2026-05-23 15:37:30.192,70.9,26.9,28.1
2026-05-23 15:37:30.398,70.9,24.9,28.0
2026-05-23 15:37:30.598,70.5,24.9,28.0
2026-05-23 15:37:30.799,70.5,26.4,28.1
2026-05-23 15:37:31.008,70.6,26.4,28.2
2026-05-23 15:37:31.208,70.8,26.9,28.1
2026-05-23 15:37:31.416,70.7,24.4,28.2
2026-05-23 15:37:31.616,70.8,24.9,28.0
2026-05-23 15:37:31.816,70.5,25.9,28.2
2026-05-23 15:37:32.025,70.9,26.9,28.0
2026-05-23 15:37:32.229,70.8,25.9,28.0
2026-05-23 15:37:32.432,70.4,25.9,28.2
2026-05-23 15:37:32.633,70.6,25.9,28.1
2026-05-23 15:37:32.837,70.3,26.4,28.0
2026-05-23 15:37:33.042,70.4,25.9,28.1
2026-05-23 15:37:33.242,70.3,24.9,28.1
2026-05-23 15:37:33.443,70.1,24.9,28.2
2026-05-23 15:37:33.651,70.2,25.4,28.1
2026-05-23 15:37:33.850,70.4,24.9,28.2
2026-05-23 15:37:34.059,70.2,24.4,28.0
2026-05-23 15:37:34.260,70.6,24.9,28.0
2026-05-23 15:37:34.460,70.8,26.4,28.2
2026-05-23 15:37:34.667,70.4,25.9,28.0
2026-05-23 15:37:34.872,70.3,25.4,28.1
2026-05-23 15:37:35.075,70.4,26.4,27.9
2026-05-23 15:37:35.277,70.4,24.4,28.1
2026-05-23 15:37:35.482,70.6,24.9,28.1
2026-05-23 15:37:35.685,70.5,24.4,28.1
2026-05-23 15:37:35.887,70.6,24.9,28.1
2026-05-23 15:37:36.088,70.8,24.9,27.9
2026-05-23 15:37:36.294,70.7,24.9,28.1
2026-05-23 15:37:36.498,70.7,25.9,28.1
2026-05-23 15:37:36.702,70.4,25.9,28.1
2026-05-23 15:37:36.902,70.7,26.4,28.0
2026-05-23 15:37:37.103,70.6,26.4,28.1
2026-05-23 15:37:37.311,70.8,26.4,28.1
2026-05-23 15:37:37.511,70.6,24.9,28.2
2026-05-23 15:37:37.712,70.8,26.9,28.1
2026-05-23 15:37:37.921,70.9,24.9,28.0
2026-05-23 15:37:38.119,70.6,25.9,28.0
2026-05-23 15:37:38.329,71.0,24.4,28.0
2026-05-23 15:37:38.528,71.0,26.9,28.1
2026-05-23 15:37:38.734,70.7,24.4,28.0
2026-05-23 15:37:38.938,70.2,25.9,28.1
2026-05-23 15:37:39.138,70.2,26.4,28.0
2026-05-23 15:37:39.345,70.3,25.9,27.9
2026-05-23 15:37:39.555,70.3,26.4,28.0
2026-05-23 15:37:39.745,70.5,24.9,28.1
2026-05-23 15:37:39.953,70.4,25.9,28.0
2026-05-23 15:37:40.155,70.6,24.9,28.1
2026-05-23 15:37:40.361,70.6,25.9,28.1
2026-05-23 15:37:40.562,70.5,24.9,28.1
2026-05-23 15:37:40.769,70.6,24.9,28.1
2026-05-23 15:37:40.970,70.2,24.9,28.0
2026-05-23 15:37:41.171,70.5,24.9,28.1
2026-05-23 15:37:41.378,70.3,24.9,28.1
2026-05-23 15:37:41.580,70.1,24.9,28.1
2026-05-23 15:37:41.779,70.2,26.4,28.0
2026-05-23 15:37:41.987,70.3,24.9,28.0
2026-05-23 15:37:42.188,70.5,25.9,28.1
2026-05-23 15:37:42.387,70.6,24.9,28.1
2026-05-23 15:37:42.599,70.7,26.4,28.1
2026-05-23 15:37:42.797,70.4,24.9,27.9
2026-05-23 15:37:43.000,70.4,24.9,27.9
2026-05-23 15:37:43.208,70.5,24.4,28.0
2026-05-23 15:37:43.407,70.1,25.9,28.1
2026-05-23 15:37:43.613,70.5,24.4,28.0
2026-05-23 15:37:43.813,70.3,25.9,28.1
2026-05-23 15:37:44.021,70.3,24.4,28.1
2026-05-23 15:37:44.223,70.6,24.9,28.1
2026-05-23 15:37:44.425,70.3,25.4,27.9
2026-05-23 15:37:44.631,70.5,25.9,28.1
2026-05-23 15:37:44.830,70.6,24.9,28.2
2026-05-23 15:37:45.038,70.4,24.4,28.0
2026-05-23 15:37:45.240,70.5,24.4,28.1
2026-05-23 15:37:45.444,70.6,24.4,28.1
2026-05-23 15:37:45.647,70.5,24.9,28.1
2026-05-23 15:37:45.848,70.3,25.9,28.2
2026-05-23 15:37:46.048,70.3,25.9,28.1
2026-05-23 15:37:46.258,70.2,26.4,28.0
2026-05-23 15:37:46.458,70.3,25.9,28.0
2026-05-23 15:37:46.665,70.2,25.4,28.1
2026-05-23 15:37:46.865,70.4,24.4,28.1
2026-05-23 15:37:47.065,70.5,24.9,28.0
2026-05-23 15:37:47.273,70.2,26.4,27.9
2026-05-23 15:37:47.475,70.4,25.9,28.1
2026-05-23 15:37:47.681,70.3,26.4,27.9
2026-05-23 15:37:47.884,70.1,25.9,28.1
2026-05-23 15:37:48.087,70.2,25.9,28.0
2026-05-23 15:37:48.290,70.5,24.9,28.1
2026-05-23 15:37:48.492,70.6,25.9,28.1
2026-05-23 15:37:48.691,70.8,24.9,28.1
2026-05-23 15:37:48.899,70.6,25.9,28.0
2026-05-23 15:37:49.099,70.7,26.4,28.1
2026-05-23 15:37:49.308,70.8,25.4,28.1
2026-05-23 15:37:49.509,71.0,24.9,27.9
2026-05-23 15:37:49.707,70.8,24.9,28.0
2026-05-23 15:37:49.919,71.0,25.9,28.1
2026-05-23 15:37:50.120,70.4,24.4,28.0
2026-05-23 15:37:50.317,70.4,24.4,27.9
2026-05-23 15:37:50.525,70.1,26.4,28.0
2026-05-23 15:37:50.726,70.1,24.4,28.1
2026-05-23 15:37:50.933,70.3,26.4,28.1
2026-05-23 15:37:51.138,70.5,25.4,28.1
2026-05-23 15:37:51.338,70.5,24.9,28.0
2026-05-23 15:37:51.544,70.4,24.4,27.9
2026-05-23 15:37:51.748,70.7,24.9,27.9
2026-05-23 15:37:51.950,70.2,25.9,28.1
2026-05-23 15:37:52.154,70.7,25.9,28.1
2026-05-23 15:37:52.356,70.3,25.4,28.0
2026-05-23 15:37:52.560,70.6,24.4,27.9
2026-05-23 15:37:52.761,70.6,24.9,28.1
2026-05-23 15:37:52.967,70.3,25.4,27.9
2026-05-23 15:37:53.160,70.6,24.4,28.1
2026-05-23 15:37:53.370,70.6,24.4,28.0
2026-05-23 15:37:53.576,70.6,24.9,27.9
2026-05-23 15:37:53.775,70.7,25.9,27.9
2026-05-23 15:37:53.976,70.6,24.4,28.2
2026-05-23 15:37:54.180,70.6,24.4,28.0
2026-05-23 15:37:54.387,70.5,24.9,28.2
2026-05-23 15:37:54.594,70.7,24.9,28.1
2026-05-23 15:37:54.787,70.4,24.9,28.0
2026-05-23 15:37:54.995,70.4,24.4,28.1
2026-05-23 15:37:55.204,70.5,24.4,28.1
2026-05-23 15:37:55.401,70.5,24.4,28.1
2026-05-23 15:37:55.599,70.6,24.4,28.1
2026-05-23 15:37:55.808,70.6,25.4,28.1
2026-05-23 15:37:56.004,70.6,24.9,27.9
2026-05-23 15:37:56.219,70.3,24.4,28.0
2026-05-23 15:37:56.418,70.8,25.4,28.1
2026-05-23 15:37:56.625,70.5,25.4,28.1
2026-05-23 15:37:56.825,70.6,24.9,28.1
2026-05-23 15:37:57.032,70.4,24.4,28.1
2026-05-23 15:37:57.236,70.3,25.4,28.1
2026-05-23 15:37:57.438,70.5,24.4,28.0
2026-05-23 15:37:57.637,70.4,25.4,28.1
2026-05-23 15:37:57.842,70.7,24.4,27.9
2026-05-23 15:37:58.039,70.8,24.9,28.0
2026-05-23 15:37:58.251,70.6,24.4,28.1
2026-05-23 15:37:58.446,70.9,24.9,28.1
2026-05-23 15:37:58.657,70.7,25.4,28.1
2026-05-23 15:37:58.854,70.7,24.4,28.1
2026-05-23 15:37:59.066,70.6,24.4,28.2
2026-05-23 15:37:59.264,70.4,25.4,28.2
2026-05-23 15:37:59.469,70.5,24.9,28.2
2026-05-23 15:37:59.675,70.4,24.4,28.0
2026-05-23 15:37:59.877,70.7,24.4,28.0
2026-05-23 15:38:00.076,70.5,24.4,28.1
2026-05-23 15:38:00.283,70.7,24.4,28.2
2026-05-23 15:38:00.488,70.7,25.4,28.1
2026-05-23 15:38:00.694,70.8,24.4,28.1
2026-05-23 15:38:00.888,70.7,24.4,28.0
2026-05-23 15:38:01.099,70.7,25.4,28.1
2026-05-23 15:38:01.304,70.6,24.4,28.0
2026-05-23 15:38:01.504,70.5,24.4,28.0
2026-05-23 15:38:01.704,70.5,24.4,28.0
2026-05-23 15:38:01.914,70.3,24.9,28.0
2026-05-23 15:38:02.114,70.6,24.4,28.0
2026-05-23 15:38:02.320,70.3,24.4,27.9
2026-05-23 15:38:02.521,70.4,25.4,28.1
2026-05-23 15:38:02.727,70.8,24.4,28.0
2026-05-23 15:38:02.928,70.3,24.4,28.1
2026-05-23 15:38:03.130,70.9,24.9,28.2
2026-05-23 15:38:03.337,70.3,25.4,28.1
2026-05-23 15:38:03.539,70.5,24.4,28.0
2026-05-23 15:38:03.738,70.7,25.4,28.1
2026-05-23 15:38:03.946,70.6,24.4,28.1
2026-05-23 15:38:04.147,70.7,25.4,28.1
2026-05-23 15:38:04.345,70.6,24.4,28.0
2026-05-23 15:38:04.555,70.5,24.4,28.0
2026-05-23 15:38:04.755,70.8,25.4,28.2
2026-05-23 15:38:04.963,70.8,24.4,28.1
2026-05-23 15:38:05.167,70.2,25.4,28.1
2026-05-23 15:38:05.364,70.4,24.4,28.2
2026-05-23 15:38:05.573,70.6,24.9,28.1
2026-05-23 15:38:05.776,70.2,25.4,28.1
2026-05-23 15:38:05.980,70.6,24.4,28.0
2026-05-23 15:38:06.182,70.4,24.4,28.1
2026-05-23 15:38:06.381,70.7,24.4,27.9
2026-05-23 15:38:06.589,70.4,24.4,28.1
2026-05-23 15:38:06.790,70.5,24.4,28.1
2026-05-23 15:38:06.997,70.4,24.4,28.1
2026-05-23 15:38:07.197,70.2,25.4,28.1
2026-05-23 15:38:07.397,70.2,23.9,28.0
2026-05-23 15:38:07.606,70.2,23.9,28.1
2026-05-23 15:38:07.808,70.6,25.4,28.2
2026-05-23 15:38:08.011,70.3,24.4,28.1
2026-05-23 15:38:08.216,70.3,25.4,28.1
2026-05-23 15:38:08.419,70.6,25.4,28.1
2026-05-23 15:38:08.623,70.6,24.4,28.1
2026-05-23 15:38:08.825,70.8,23.9,28.1
2026-05-23 15:38:09.026,70.3,24.9,28.0
2026-05-23 15:38:09.232,70.3,23.9,27.9
2026-05-23 15:38:09.431,70.7,24.4,28.1
2026-05-23 15:38:09.637,70.4,23.5,28.1
2026-05-23 15:38:09.840,70.4,24.4,28.1
2026-05-23 15:38:10.045,70.3,24.4,28.0
2026-05-23 15:38:10.248,70.6,24.4,28.1
2026-05-23 15:38:10.449,70.6,24.4,28.1
2026-05-23 15:38:10.657,70.5,24.4,27.9
2026-05-23 15:38:10.859,70.5,24.4,28.1
2026-05-23 15:38:11.058,70.7,24.4,28.0
2026-05-23 15:38:11.267,70.3,24.4,28.0
2026-05-23 15:38:11.470,70.7,24.4,27.9
2026-05-23 15:38:11.668,70.6,24.4,28.1
2026-05-23 15:38:11.876,70.3,24.4,28.0
2026-05-23 15:38:12.077,70.2,24.4,28.0
2026-05-23 15:38:12.283,70.4,24.4,28.1
2026-05-23 15:38:12.482,70.4,24.4,28.1
2026-05-23 15:38:12.690,70.4,24.4,27.9
2026-05-23 15:38:12.892,70.7,24.4,28.1
2026-05-23 15:38:13.092,70.6,23.9,28.1
2026-05-23 15:38:13.300,70.3,24.4,28.2
2026-05-23 15:38:13.500,70.7,24.4,27.9
2026-05-23 15:38:13.700,70.6,24.4,28.1
2026-05-23 15:38:13.909,70.3,24.4,28.1
2026-05-23 15:38:14.113,70.8,24.4,28.1
2026-05-23 15:38:14.315,70.4,24.9,28.1
2026-05-23 15:38:14.510,70.5,24.4,27.9
2026-05-23 15:38:14.723,70.3,23.9,28.0
2026-05-23 15:38:14.925,70.7,24.4,28.0
2026-05-23 15:38:15.126,70.8,25.4,28.1
2026-05-23 15:38:15.332,70.5,24.4,28.0
2026-05-23 15:38:15.534,70.5,24.4,28.1
2026-05-23 15:38:15.738,70.4,23.5,28.0
2026-05-23 15:38:15.943,70.6,24.4,28.1
2026-05-23 15:38:16.143,70.8,23.9,28.0
2026-05-23 15:38:16.350,70.5,24.4,28.1
2026-05-23 15:38:16.550,70.7,24.4,28.0
2026-05-23 15:38:16.743,70.5,24.4,28.1
2026-05-23 15:38:16.960,70.7,24.4,28.0
2026-05-23 15:38:17.161,70.4,24.4,28.1
2026-05-23 15:38:17.354,70.8,24.4,27.9
2026-05-23 15:38:17.555,70.7,24.4,28.1
2026-05-23 15:38:17.771,70.3,24.4,28.1
2026-05-23 15:38:17.979,70.7,24.4,27.9
2026-05-23 15:38:18.179,70.4,24.4,28.1
2026-05-23 15:38:18.377,70.8,23.9,28.0
2026-05-23 15:38:18.579,70.4,23.0,28.0
2026-05-23 15:38:18.789,70.7,24.4,27.9
2026-05-23 15:38:18.988,70.4,24.4,28.1
2026-05-23 15:38:19.193,70.4,23.9,28.0
2026-05-23 15:38:19.396,70.7,24.4,28.1
2026-05-23 15:38:19.594,70.7,24.4,28.0
2026-05-23 15:38:19.803,70.5,24.4,28.0
2026-05-23 15:38:20.007,70.3,23.9,28.1
2026-05-23 15:38:20.212,70.7,23.9,27.9
2026-05-23 15:38:20.416,70.5,23.9,28.1
2026-05-23 15:38:20.619,70.7,24.4,28.1
2026-05-23 15:38:20.821,70.5,24.4,28.1
2026-05-23 15:38:21.025,70.6,24.4,28.1
2026-05-23 15:38:21.229,70.6,24.4,27.9
2026-05-23 15:38:21.431,70.4,23.9,27.9
2026-05-23 15:38:21.635,70.7,24.4,28.1
2026-05-23 15:38:21.837,70.6,24.4,28.1
2026-05-23 15:38:22.037,70.8,24.4,28.0
2026-05-23 15:38:22.242,70.8,24.4,28.0
2026-05-23 15:38:22.445,70.3,23.9,28.1
2026-05-23 15:38:22.652,70.5,24.4,28.1
2026-05-23 15:38:22.854,70.7,23.9,27.9
2026-05-23 15:38:23.056,70.3,24.4,27.9
2026-05-23 15:38:23.262,70.6,24.4,28.1
2026-05-23 15:38:23.466,70.5,24.4,28.0
2026-05-23 15:38:23.667,70.6,24.4,27.9
2026-05-23 15:38:23.872,70.8,24.4,28.1
2026-05-23 15:38:24.075,70.3,23.9,28.1
2026-05-23 15:38:24.279,70.7,24.4,28.1
2026-05-23 15:38:24.478,70.5,24.4,28.1
2026-05-23 15:38:24.684,70.6,23.9,28.0
2026-05-23 15:38:24.889,70.4,23.5,28.1
2026-05-23 15:38:25.090,70.3,23.9,27.9
2026-05-23 15:38:25.295,70.4,24.4,28.0
2026-05-23 15:38:25.499,70.6,23.0,27.9
2026-05-23 15:38:25.697,70.6,23.5,28.0
2026-05-23 15:38:25.903,70.6,24.4,27.9
2026-05-23 15:38:26.107,70.3,23.9,28.1
2026-05-23 15:38:26.311,70.6,24.4,28.0
2026-05-23 15:38:26.515,70.3,23.0,28.1
2026-05-23 15:38:26.716,70.3,23.9,27.9
2026-05-23 15:38:26.919,70.3,23.9,28.1
2026-05-23 15:38:27.125,70.6,24.4,28.0
2026-05-23 15:38:27.326,70.7,23.0,28.1
2026-05-23 15:38:27.531,70.3,23.9,27.9
2026-05-23 15:38:27.734,70.9,24.4,27.9
2026-05-23 15:38:27.937,70.4,23.9,28.0
2026-05-23 15:38:28.139,70.7,24.4,28.1
2026-05-23 15:38:28.337,70.5,23.9,28.1
2026-05-23 15:38:28.548,70.5,23.9,27.9
2026-05-23 15:38:28.748,70.8,24.4,28.1
2026-05-23 15:38:28.956,70.6,24.4,28.0
2026-05-23 15:38:29.159,70.5,24.4,28.0
2026-05-23 15:38:29.355,70.4,23.9,28.0
2026-05-23 15:38:29.565,70.7,24.4,27.9
2026-05-23 15:38:29.767,70.8,23.0,28.1
2026-05-23 15:38:29.972,70.5,24.4,28.1
2026-05-23 15:38:30.176,70.8,24.4,28.0
2026-05-23 15:38:30.376,70.5,23.0,28.0
2026-05-23 15:38:30.582,70.8,24.4,28.0
2026-05-23 15:38:30.786,70.9,24.4,27.9
2026-05-23 15:38:30.987,70.5,24.4,28.0
2026-05-23 15:38:31.191,70.4,24.4,28.1
2026-05-23 15:38:31.394,70.6,23.9,28.0
2026-05-23 15:38:31.599,70.8,23.0,28.1
2026-05-23 15:38:31.801,70.5,24.4,27.9
2026-05-23 15:38:32.004,70.7,24.4,27.9
2026-05-23 15:38:32.209,70.3,23.9,28.1
2026-05-23 15:38:32.409,71.0,23.9,28.0
2026-05-23 15:38:32.612,70.7,23.9,27.9
2026-05-23 15:38:32.816,70.9,24.4,28.1
2026-05-23 15:38:33.017,70.4,24.4,28.1
2026-05-23 15:38:33.225,70.5,24.4,28.0
2026-05-23 15:38:33.425,70.5,24.9,28.0
2026-05-23 15:38:33.626,70.8,23.0,28.0
2026-05-23 15:38:33.833,70.6,24.4,28.0
2026-05-23 15:38:34.039,70.6,24.4,27.9
2026-05-23 15:38:34.242,70.9,23.0,28.0
2026-05-23 15:38:34.445,70.4,24.4,28.0
2026-05-23 15:38:34.644,70.8,24.4,28.0
2026-05-23 15:38:34.851,70.4,23.9,28.0
2026-05-23 15:38:35.055,70.4,24.4,28.0
2026-05-23 15:38:35.258,70.4,23.9,28.1
2026-05-23 15:38:35.461,70.8,23.0,28.1
2026-05-23 15:38:35.660,70.6,24.4,27.9
2026-05-23 15:38:35.867,70.9,23.0,28.1
2026-05-23 15:38:36.072,70.9,24.4,28.0
2026-05-23 15:38:36.275,70.6,23.9,28.0
2026-05-23 15:38:36.475,70.8,24.4,28.1
2026-05-23 15:38:36.676,70.7,23.9,27.9
2026-05-23 15:38:36.885,70.7,24.4,27.9
2026-05-23 15:38:37.087,70.6,24.4,28.0
2026-05-23 15:38:37.288,70.6,24.4,28.0
2026-05-23 15:38:37.488,70.6,24.4,27.9
2026-05-23 15:38:37.698,70.6,24.4,27.9
2026-05-23 15:38:37.902,70.8,24.4,28.0
2026-05-23 15:38:38.102,70.5,23.9,27.9
2026-05-23 15:38:38.307,70.5,23.9,28.0
2026-05-23 15:38:38.507,70.8,24.4,28.0
2026-05-23 15:38:38.715,70.7,23.0,28.1
2026-05-23 15:38:38.918,70.6,24.4,27.8
2026-05-23 15:38:39.119,70.4,23.0,28.1
2026-05-23 15:38:39.319,70.6,24.4,28.0
2026-05-23 15:38:39.528,70.8,24.4,28.0
2026-05-23 15:38:39.728,70.3,23.5,28.1
2026-05-23 15:38:39.935,70.8,23.0,28.1
2026-05-23 15:38:40.138,70.4,24.4,28.1
2026-05-23 15:38:40.337,70.7,24.4,28.0
2026-05-23 15:38:40.545,70.4,23.9,28.0
2026-05-23 15:38:40.749,70.8,24.4,27.9
2026-05-23 15:38:40.951,70.7,24.4,28.1
2026-05-23 15:38:41.154,70.8,24.4,28.0
2026-05-23 15:38:41.354,70.8,24.4,27.9
2026-05-23 15:38:41.554,70.4,23.9,28.1
2026-05-23 15:38:41.754,70.8,24.4,28.1
2026-05-23 15:38:41.967,70.8,23.0,28.0
2026-05-23 15:38:42.171,70.8,23.9,27.9
2026-05-23 15:38:42.371,70.8,23.0,27.8
2026-05-23 15:38:42.578,70.4,23.5,28.0
2026-05-23 15:38:42.776,70.5,24.4,28.0
2026-05-23 15:38:42.976,70.9,24.4,27.9
2026-05-23 15:38:43.188,70.6,24.4,28.0
2026-05-23 15:38:43.388,70.6,24.4,28.0
2026-05-23 15:38:43.588,70.4,24.4,28.0
2026-05-23 15:38:43.799,70.7,23.5,28.0
2026-05-23 15:38:44.000,70.8,23.9,28.0
2026-05-23 15:38:44.204,70.8,24.4,28.0
2026-05-23 15:38:44.405,70.3,23.5,27.9
2026-05-23 15:38:44.606,70.4,24.4,27.9
2026-05-23 15:38:44.812,70.5,24.4,27.9
2026-05-23 15:38:45.018,70.7,24.4,28.0
2026-05-23 15:38:45.218,70.9,23.0,28.0
2026-05-23 15:38:45.422,70.9,23.9,27.9
2026-05-23 15:38:45.626,70.8,24.4,27.9
2026-05-23 15:38:45.827,70.4,23.9,28.0
2026-05-23 15:38:46.035,70.6,23.9,28.0
2026-05-23 15:38:46.238,70.3,23.0,28.0
2026-05-23 15:38:46.440,70.9,24.4,27.9
2026-05-23 15:38:46.645,70.5,24.4,27.9
2026-05-23 15:38:46.844,70.4,23.9,27.9
2026-05-23 15:38:47.041,70.8,23.9,27.9
2026-05-23 15:38:47.252,70.6,23.0,28.1
2026-05-23 15:38:47.448,70.9,24.4,27.8
2026-05-23 15:38:47.662,70.4,24.4,28.0
2026-05-23 15:38:47.861,70.6,23.9,28.0
2026-05-23 15:38:48.064,70.8,24.4,27.9
2026-05-23 15:38:48.270,70.7,24.4,27.9
2026-05-23 15:38:48.478,70.3,23.5,28.0
2026-05-23 15:38:48.678,70.3,24.4,28.0
2026-05-23 15:38:48.881,70.5,24.4,27.9
2026-05-23 15:38:49.084,70.4,23.9,28.0
2026-05-23 15:38:49.288,70.5,23.5,28.0
2026-05-23 15:38:49.491,70.7,24.4,28.0
2026-05-23 15:38:49.694,70.8,24.4,27.9
2026-05-23 15:38:49.896,70.4,23.0,28.0
2026-05-23 15:38:50.100,70.7,24.4,27.9
2026-05-23 15:38:50.303,70.7,24.4,27.9
2026-05-23 15:38:50.507,70.4,23.9,27.8
2026-05-23 15:38:50.710,70.6,24.4,28.0
2026-05-23 15:38:50.914,70.6,24.4,28.0
2026-05-23 15:38:51.113,70.9,23.0,28.0
2026-05-23 15:38:51.353,70.5,24.4,27.8
2026-05-23 15:38:51.522,70.7,24.4,27.9
2026-05-23 15:38:51.726,70.6,24.4,28.0
2026-05-23 15:38:51.931,70.6,24.4,27.8
2026-05-23 15:38:52.134,70.4,23.9,27.8
2026-05-23 15:38:52.337,70.3,23.9,27.9
2026-05-23 15:38:52.541,70.5,24.4,27.9
2026-05-23 15:38:52.741,70.6,24.4,28.0
2026-05-23 15:38:52.948,70.5,23.5,28.0
2026-05-23 15:38:53.144,70.8,24.4,28.0
2026-05-23 15:38:53.349,70.9,24.4,27.8
2026-05-23 15:38:53.558,70.3,23.9,27.9
2026-05-23 15:38:53.759,70.4,23.9,28.0
2026-05-23 15:38:53.958,70.4,24.4,27.8
2026-05-23 15:38:54.166,70.5,24.4,28.0
2026-05-23 15:38:54.369,70.4,23.9,28.0
2026-05-23 15:38:54.571,70.4,23.9,28.0
2026-05-23 15:38:54.775,70.8,24.4,27.9
2026-05-23 15:38:54.976,70.5,24.4,28.0
2026-05-23 15:38:55.184,70.6,23.5,28.0
2026-05-23 15:38:55.387,70.3,23.9,28.0
2026-05-23 15:38:55.590,70.8,24.4,27.9
2026-05-23 15:38:55.792,70.3,23.5,27.9
2026-05-23 15:38:55.992,70.3,23.9,27.9
2026-05-23 15:38:56.201,70.4,23.9,28.0
2026-05-23 15:38:56.393,70.4,23.0,27.9
2026-05-23 15:38:56.608,70.5,23.0,27.9
2026-05-23 15:38:56.809,70.6,23.5,27.8
2026-05-23 15:38:57.013,70.7,24.4,27.8
2026-05-23 15:38:57.216,70.8,24.4,27.8
2026-05-23 15:38:57.417,70.4,23.0,27.9
2026-05-23 15:38:57.617,70.3,23.9,28.0
2026-05-23 15:38:57.825,70.5,23.9,27.9
2026-05-23 15:38:58.025,70.4,23.9,28.0
2026-05-23 15:38:58.226,70.5,23.9,28.0
2026-05-23 15:38:58.438,70.5,23.5,28.0
2026-05-23 15:38:58.640,70.5,23.5,27.8
2026-05-23 15:38:58.838,70.7,24.4,27.9
2026-05-23 15:38:59.047,70.7,24.4,27.9
2026-05-23 15:38:59.250,70.8,24.4,28.0
2026-05-23 15:38:59.451,70.7,24.4,27.9
2026-05-23 15:38:59.653,70.3,23.9,28.0
2026-05-23 15:38:59.860,70.4,23.5,27.9
2026-05-23 15:39:00.065,70.5,24.4,28.0
2026-05-23 15:39:00.266,70.7,23.9,28.0
2026-05-23 15:39:00.462,70.6,24.4,28.0
2026-05-23 15:39:00.662,70.7,23.5,28.0
2026-05-23 15:39:00.878,70.4,23.9,27.9
2026-05-23 15:39:01.081,70.5,23.0,28.0
2026-05-23 15:39:01.282,70.6,23.0,27.8
2026-05-23 15:39:01.487,70.5,23.9,28.0
2026-05-23 15:39:01.687,70.5,24.4,28.0
2026-05-23 15:39:01.894,70.9,23.5,28.0
2026-05-23 15:39:02.096,70.7,23.9,28.0
2026-05-23 15:39:02.297,70.3,24.4,27.9
2026-05-23 15:39:02.502,70.9,24.4,27.8
2026-05-23 15:39:02.702,70.5,23.9,28.0
2026-05-23 15:39:02.910,70.4,24.4,27.9
2026-05-23 15:39:03.113,70.7,24.4,27.9
2026-05-23 15:39:03.315,70.5,23.5,27.8
2026-05-23 15:39:03.518,70.8,24.4,27.9
2026-05-23 15:39:03.720,70.6,23.5,28.0
2026-05-23 15:39:03.926,70.4,24.4,28.0
2026-05-23 15:39:04.129,70.4,23.9,27.9
2026-05-23 15:39:04.329,70.4,23.5,28.0
2026-05-23 15:39:04.537,70.8,24.4,27.8
2026-05-23 15:39:04.738,70.5,23.9,28.0
2026-05-23 15:39:04.937,70.9,23.0,27.8
2026-05-23 15:39:05.146,70.5,23.5,27.9
2026-05-23 15:39:05.346,70.8,23.5,27.9
2026-05-23 15:39:05.547,70.5,23.9,27.8
2026-05-23 15:39:05.755,70.8,23.9,27.8
2026-05-23 15:39:05.955,70.5,24.4,27.8
2026-05-23 15:39:06.163,70.8,23.5,28.0
2026-05-23 15:39:06.364,70.4,23.0,27.9
2026-05-23 15:39:06.569,70.8,24.4,27.8
2026-05-23 15:39:06.771,70.3,23.9,28.0
2026-05-23 15:39:06.975,70.6,23.5,27.8
2026-05-23 15:39:07.180,70.4,23.0,28.0
2026-05-23 15:39:07.383,70.4,23.9,27.8
2026-05-23 15:39:07.581,70.5,24.4,27.8
2026-05-23 15:39:07.788,70.4,23.9,28.0
2026-05-23 15:39:07.993,70.4,23.9,27.8
2026-05-23 15:39:08.197,70.4,23.5,28.0
2026-05-23 15:39:08.400,70.6,23.0,28.0
2026-05-23 15:39:08.602,70.3,23.0,28.0
2026-05-23 15:39:08.806,70.7,23.5,28.0
2026-05-23 15:39:09.008,70.4,23.9,27.9
2026-05-23 15:39:09.213,70.7,24.4,27.9
2026-05-23 15:39:09.414,70.4,23.9,27.8
2026-05-23 15:39:09.617,70.3,24.4,28.0
2026-05-23 15:39:09.823,70.6,23.0,27.8
2026-05-23 15:39:10.025,70.3,24.4,27.8
2026-05-23 15:39:10.230,70.5,24.4,27.9
2026-05-23 15:39:10.432,70.5,23.9,28.0
2026-05-23 15:39:10.635,70.5,23.9,27.9
2026-05-23 15:39:10.840,70.3,23.9,27.8
2026-05-23 15:39:11.040,70.7,24.4,27.8
2026-05-23 15:39:11.239,70.8,24.4,27.9
2026-05-23 15:39:11.449,70.4,23.0,27.9
2026-05-23 15:39:11.651,70.7,23.0,27.9
2026-05-23 15:39:11.857,70.6,23.5,27.8
2026-05-23 15:39:12.057,70.9,24.4,27.9
2026-05-23 15:39:12.257,70.6,24.4,27.8
2026-05-23 15:39:12.465,70.4,23.9,27.8
2026-05-23 15:39:12.669,70.5,23.9,27.9
2026-05-23 15:39:12.869,70.9,23.0,27.9
2026-05-23 15:39:13.075,70.4,23.0,27.8
2026-05-23 15:39:13.280,70.7,23.5,27.9
2026-05-23 15:39:13.483,70.8,24.4,28.0
2026-05-23 15:39:13.685,70.3,23.5,27.9
2026-05-23 15:39:13.889,70.4,24.4,27.7
2026-05-23 15:39:14.087,70.8,23.0,27.8
2026-05-23 15:39:14.295,70.7,24.4,27.8
2026-05-23 15:39:14.497,70.4,24.4,27.8
2026-05-23 15:39:14.695,70.8,24.4,27.9
2026-05-23 15:39:14.900,70.7,23.5,27.9
2026-05-23 15:39:15.105,70.8,24.4,27.8
2026-05-23 15:39:15.312,70.4,23.9,27.7
2026-05-23 15:39:15.504,70.7,24.4,27.8
2026-05-23 15:39:15.719,70.7,24.4,27.8
2026-05-23 15:39:15.923,70.4,23.9,27.8
2026-05-23 15:39:16.125,70.5,23.9,27.8
2026-05-23 15:39:16.328,70.7,23.0,27.9
2026-05-23 15:39:16.532,70.5,23.9,27.7
2026-05-23 15:39:16.736,70.4,23.9,27.8
2026-05-23 15:39:16.940,70.5,23.9,28.0
2026-05-23 15:39:17.143,70.4,24.4,27.9
2026-05-23 15:39:17.344,70.8,23.5,27.9
2026-05-23 15:39:17.542,70.4,24.4,27.8
2026-05-23 15:39:17.751,70.3,24.4,27.9
2026-05-23 15:39:17.956,70.8,24.4,27.9
2026-05-23 15:39:18.159,70.7,24.4,27.8
2026-05-23 15:39:18.351,70.6,23.9,27.9
2026-05-23 15:39:18.561,70.4,23.0,27.9
2026-05-23 15:39:18.769,70.4,24.4,27.9
2026-05-23 15:39:18.973,70.2,23.0,27.8
2026-05-23 15:39:19.175,70.8,24.4,27.9
2026-05-23 15:39:19.379,70.4,24.4,27.7
2026-05-23 15:39:19.582,70.5,23.9,27.7
2026-05-23 15:39:19.786,70.6,24.4,27.9
2026-05-23 15:39:19.987,70.7,24.4,27.8
2026-05-23 15:39:20.190,70.7,23.0,27.9
2026-05-23 15:39:20.393,70.5,23.9,27.9
2026-05-23 15:39:20.598,70.7,23.5,27.7
2026-05-23 15:39:20.802,70.8,24.4,28.0
2026-05-23 15:39:20.992,70.3,24.4,27.8
2026-05-23 15:39:21.201,70.4,24.4,27.7
2026-05-23 15:39:21.411,70.7,23.5,27.9
2026-05-23 15:39:21.607,70.8,23.5,27.9
2026-05-23 15:39:21.818,70.4,23.0,27.9
2026-05-23 15:39:22.021,70.8,24.4,27.9
2026-05-23 15:39:22.225,70.3,23.9,27.8
2026-05-23 15:39:22.428,70.3,24.4,27.9
2026-05-23 15:39:22.633,70.9,24.4,27.9
2026-05-23 15:39:22.831,70.6,24.4,27.9
2026-05-23 15:39:23.038,70.8,23.5,27.8
2026-05-23 15:39:23.242,70.8,24.4,27.7
2026-05-23 15:39:23.440,70.6,23.5,27.9
2026-05-23 15:39:23.638,70.7,23.5,27.9
2026-05-23 15:39:23.855,70.5,23.9,27.9
2026-05-23 15:39:24.055,70.5,23.9,27.8
2026-05-23 15:39:24.258,70.4,23.9,27.9
2026-05-23 15:39:24.454,70.5,23.5,27.7
2026-05-23 15:39:24.665,70.6,23.5,27.9
2026-05-23 15:39:24.869,70.4,23.0,27.8
2026-05-23 15:39:25.072,70.5,23.9,27.8
2026-05-23 15:39:25.276,70.4,23.9,27.7
2026-05-23 15:39:25.476,70.4,23.0,27.8
2026-05-23 15:39:25.677,70.3,24.4,27.7
2026-05-23 15:39:25.884,70.5,23.5,27.9
2026-05-23 15:39:26.088,70.5,23.0,27.9
2026-05-23 15:39:26.290,70.8,24.4,27.8
2026-05-23 15:39:26.496,70.6,23.5,27.8
2026-05-23 15:39:26.698,70.6,23.5,27.8
2026-05-23 15:39:26.903,70.8,24.4,27.9
2026-05-23 15:39:27.094,70.4,23.0,27.9
2026-05-23 15:39:27.309,70.6,23.9,27.8
2026-05-23 15:39:27.508,70.4,23.9,27.9
2026-05-23 15:39:27.712,70.3,24.4,27.8
2026-05-23 15:39:27.918,70.9,24.4,27.8
2026-05-23 15:39:28.123,70.3,23.9,27.7
2026-05-23 15:39:28.325,70.9,24.4,27.9
2026-05-23 15:39:28.525,70.4,23.9,27.7
2026-05-23 15:39:28.725,70.8,24.4,27.8
2026-05-23 15:39:28.934,70.6,24.4,27.8
2026-05-23 15:39:29.137,70.6,23.5,27.9
2026-05-23 15:39:29.338,70.7,23.5,27.9
2026-05-23 15:39:29.541,70.6,23.5,27.9
2026-05-23 15:39:29.745,70.7,24.4,27.7
2026-05-23 15:39:29.939,70.5,23.0,27.8
2026-05-23 15:39:30.153,70.6,24.4,27.9
2026-05-23 15:39:30.348,70.4,23.0,27.9
2026-05-23 15:39:30.562,70.7,23.5,27.8
2026-05-23 15:39:30.759,70.8,24.4,27.9
2026-05-23 15:39:30.968,70.7,23.0,27.7
2026-05-23 15:39:31.164,70.8,23.5,27.7
2026-05-23 15:39:31.376,70.9,24.4,27.8
2026-05-23 15:39:31.578,70.5,23.0,27.9
2026-05-23 15:39:31.782,70.6,23.9,27.7
2026-05-23 15:39:31.975,70.8,23.9,27.7
2026-05-23 15:39:32.188,70.4,23.5,27.9
2026-05-23 15:39:32.392,70.7,23.5,27.9
2026-05-23 15:39:32.590,70.3,23.0,27.9
2026-05-23 15:39:32.794,70.3,23.9,27.8
2026-05-23 15:39:33.000,70.3,23.0,27.9
2026-05-23 15:39:33.199,70.4,24.4,27.9
2026-05-23 15:39:33.407,70.7,24.4,27.7
2026-05-23 15:39:33.602,70.3,24.4,27.8
2026-05-23 15:39:33.817,70.7,23.5,27.9
2026-05-23 15:39:34.018,70.9,23.5,27.7
2026-05-23 15:39:34.220,70.7,23.5,27.9
2026-05-23 15:39:34.426,70.3,24.4,27.8
2026-05-23 15:39:34.625,70.8,23.9,27.9
2026-05-23 15:39:34.831,70.7,23.5,27.9
2026-05-23 15:39:35.030,70.5,23.9,27.7
2026-05-23 15:39:35.238,70.6,23.9,27.9
2026-05-23 15:39:35.442,70.7,24.4,27.9
2026-05-23 15:39:35.645,70.4,23.9,27.9
2026-05-23 15:39:35.845,70.5,24.4,27.7
2026-05-23 15:39:36.050,70.5,23.5,27.9
2026-05-23 15:39:36.255,70.4,23.0,27.9
2026-05-23 15:39:36.452,70.4,23.0,27.8
2026-05-23 15:39:36.661,70.4,23.9,27.9
2026-05-23 15:39:36.863,70.8,24.4,27.9
2026-05-23 15:39:37.069,70.9,23.9,27.9
2026-05-23 15:39:37.272,70.5,24.4,27.9
2026-05-23 15:39:37.475,70.8,24.4,27.9
2026-05-23 15:39:37.675,70.8,23.9,27.7
2026-05-23 15:39:37.878,70.5,23.0,27.8
2026-05-23 15:39:38.078,70.4,24.4,27.9
2026-05-23 15:39:38.288,70.4,23.0,27.8
2026-05-23 15:39:38.492,70.6,23.9,27.7
2026-05-23 15:39:38.692,70.4,23.0,27.9
2026-05-23 15:39:38.898,70.3,23.0,27.9
2026-05-23 15:39:39.096,70.6,24.4,27.9
2026-05-23 15:39:39.302,70.6,24.4,27.9
2026-05-23 15:39:39.505,70.4,23.9,27.7
2026-05-23 15:39:39.711,70.4,23.0,27.8
2026-05-23 15:39:39.909,70.6,24.4,27.9
2026-05-23 15:39:40.117,70.3,23.9,27.8
2026-05-23 15:39:40.319,70.5,23.9,27.9
2026-05-23 15:39:40.522,70.7,23.9,27.8
2026-05-23 15:39:40.728,70.5,23.9,27.8
2026-05-23 15:39:40.928,70.8,24.4,27.8
2026-05-23 15:39:41.133,70.3,23.9,27.9
2026-05-23 15:39:41.338,70.7,23.5,27.8
2026-05-23 15:39:41.539,70.7,24.4,27.7
2026-05-23 15:39:41.743,70.3,23.0,27.7
2026-05-23 15:39:41.948,70.5,23.9,27.9
2026-05-23 15:39:42.145,70.4,24.4,27.9
2026-05-23 15:39:42.354,70.6,24.4,27.8
2026-05-23 15:39:42.553,70.7,23.5,27.7
2026-05-23 15:39:42.757,70.5,23.9,27.8
2026-05-23 15:39:42.961,70.5,24.4,27.9
2026-05-23 15:39:43.168,70.4,24.4,27.7
2026-05-23 15:39:43.370,70.6,24.4,27.7
2026-05-23 15:39:43.573,70.8,24.4,27.9
2026-05-23 15:39:43.777,70.4,24.4,27.9
2026-05-23 15:39:43.977,70.3,23.5,27.8
2026-05-23 15:39:44.180,70.8,24.4,27.8
2026-05-23 15:39:44.387,70.6,23.0,27.8
2026-05-23 15:39:44.589,70.3,24.4,27.7
2026-05-23 15:39:44.795,70.5,23.9,27.7
2026-05-23 15:39:44.997,70.8,24.4,27.7
2026-05-23 15:39:45.199,70.7,24.4,27.8
2026-05-23 15:39:45.404,70.6,24.4,27.8
2026-05-23 15:39:45.608,70.6,24.4,27.8
2026-05-23 15:39:45.809,70.5,23.9,27.7
2026-05-23 15:39:46.015,70.6,23.9,27.7
2026-05-23 15:39:46.213,70.5,23.5,27.7
2026-05-23 15:39:46.419,70.9,24.4,27.9
2026-05-23 15:39:46.618,70.8,23.5,27.7
2026-05-23 15:39:46.828,70.4,24.4,27.8
2026-05-23 15:39:47.029,70.8,24.4,27.8
2026-05-23 15:39:47.234,70.7,23.9,27.7
2026-05-23 15:39:47.438,70.6,23.5,27.8
2026-05-23 15:39:47.638,70.3,24.4,27.7
2026-05-23 15:39:47.843,70.4,23.9,27.8
2026-05-23 15:39:48.042,70.7,24.4,27.7
2026-05-23 15:39:48.249,70.6,24.4,27.8
2026-05-23 15:39:48.451,70.6,24.4,27.9
2026-05-23 15:39:48.655,70.5,23.9,27.8
2026-05-23 15:39:48.860,70.6,23.9,27.7
2026-05-23 15:39:49.059,70.4,23.5,27.6
2026-05-23 15:39:49.268,70.8,24.4,27.8
2026-05-23 15:39:49.464,70.6,23.9,27.7
2026-05-23 15:39:49.673,70.3,23.5,27.6
2026-05-23 15:39:49.876,70.4,22.5,27.6
2026-05-23 15:39:50.080,70.4,23.9,27.6
2026-05-23 15:39:50.280,70.7,24.4,27.8
2026-05-23 15:39:50.488,70.5,23.0,27.8
2026-05-23 15:39:50.689,70.6,23.9,27.6
2026-05-23 15:39:50.891,70.7,24.4,27.7
2026-05-23 15:39:51.091,70.3,23.5,27.7
2026-05-23 15:39:51.297,70.4,23.9,27.7
2026-05-23 15:39:51.501,70.7,24.4,27.8
2026-05-23 15:39:51.708,70.6,23.9,27.8
2026-05-23 15:39:51.907,70.8,23.5,27.6
2026-05-23 15:39:52.111,70.4,24.4,27.8
2026-05-23 15:39:52.318,70.8,24.4,27.8
2026-05-23 15:39:52.518,70.5,23.9,27.6
2026-05-23 15:39:52.723,70.7,23.5,27.8
2026-05-23 15:39:52.928,70.8,23.9,27.6
2026-05-23 15:39:53.130,70.4,24.4,27.8
2026-05-23 15:39:53.330,70.8,24.4,27.8
2026-05-23 15:39:53.537,70.7,23.9,27.8
2026-05-23 15:39:53.739,70.7,23.9,27.6
2026-05-23 15:39:53.944,70.4,24.4,27.8
2026-05-23 15:39:54.145,70.6,23.9,27.8
2026-05-23 15:39:54.349,70.3,24.4,27.6
2026-05-23 15:39:54.544,70.4,24.4,27.7
2026-05-23 15:39:54.746,70.4,23.0,27.7
2026-05-23 15:39:54.951,70.8,23.5,27.8
2026-05-23 15:39:55.160,70.6,24.4,27.8
2026-05-23 15:39:55.367,70.4,23.9,27.7
2026-05-23 15:39:55.568,70.3,24.4,27.7
2026-05-23 15:39:55.769,70.3,24.4,27.6
2026-05-23 15:39:55.977,70.7,23.9,27.8
2026-05-23 15:39:56.181,70.2,23.0,27.6
2026-05-23 15:39:56.384,70.8,24.4,27.8
2026-05-23 15:39:56.588,70.4,23.0,27.6
2026-05-23 15:39:56.791,70.5,23.9,27.6
2026-05-23 15:39:56.991,70.3,23.0,27.6
2026-05-23 15:39:57.195,70.5,24.4,27.6
2026-05-23 15:39:57.400,70.5,23.9,27.7
2026-05-23 15:39:57.602,70.6,23.9,27.8
2026-05-23 15:39:57.807,70.6,24.4,27.7
2026-05-23 15:39:58.011,70.8,24.4,27.8
2026-05-23 15:39:58.214,70.6,23.0,27.6
2026-05-23 15:39:58.417,70.5,23.0,27.6
2026-05-23 15:39:58.620,70.8,23.5,27.6
2026-05-23 15:39:58.822,70.7,23.9,27.7
2026-05-23 15:39:59.026,70.3,23.9,27.8
2026-05-23 15:39:59.225,70.8,23.5,27.6
2026-05-23 15:39:59.434,70.4,24.4,27.6
2026-05-23 15:39:59.637,70.3,24.4,27.8
2026-05-23 15:39:59.840,70.5,24.4,27.7
2026-05-23 15:40:00.044,70.3,24.4,27.7
2026-05-23 15:40:00.240,70.3,24.4,27.8
2026-05-23 15:40:00.450,70.8,24.4,27.8
2026-05-23 15:40:00.652,70.8,23.5,27.6
2026-05-23 15:40:00.857,70.8,24.4,27.7
2026-05-23 15:40:01.060,70.9,24.4,27.8
2026-05-23 15:40:01.262,70.4,23.0,27.8
2026-05-23 15:40:01.460,70.8,23.5,27.7
2026-05-23 15:40:01.669,70.5,23.0,27.7
2026-05-23 15:40:01.869,70.4,24.4,27.6
2026-05-23 15:40:02.076,70.6,23.9,27.6
2026-05-23 15:40:02.275,70.5,23.9,27.7
2026-05-23 15:40:02.484,70.6,23.0,27.8
2026-05-23 15:40:02.687,70.4,23.0,27.7
2026-05-23 15:40:02.889,70.5,23.5,27.7
2026-05-23 15:40:03.092,70.4,24.4,27.6
2026-05-23 15:40:03.293,70.3,23.5,27.8
2026-05-23 15:40:03.497,70.5,24.4,27.8
2026-05-23 15:40:03.704,70.3,23.0,27.6
2026-05-23 15:40:03.904,70.6,24.4,27.7
2026-05-23 15:40:04.108,70.8,24.4,27.8
2026-05-23 15:40:04.311,70.7,23.5,27.7
2026-05-23 15:40:04.515,70.3,24.4,27.7
2026-05-23 15:40:04.721,70.6,23.5,27.6
2026-05-23 15:40:04.921,70.5,24.4,27.7
2026-05-23 15:40:05.126,70.9,23.5,27.7
2026-05-23 15:40:05.328,70.5,23.0,27.8
2026-05-23 15:40:05.534,70.4,23.0,27.7
2026-05-23 15:40:05.737,70.5,23.9,27.8
2026-05-23 15:40:05.938,70.8,24.4,27.7
2026-05-23 15:40:06.143,70.4,23.5,27.8
2026-05-23 15:40:06.347,70.4,23.0,27.6
2026-05-23 15:40:06.550,70.6,24.4,27.8
2026-05-23 15:40:06.755,70.3,24.4,27.6
2026-05-23 15:40:06.957,70.4,23.9,27.6
2026-05-23 15:40:07.158,70.4,24.4,27.5
2026-05-23 15:40:07.363,70.4,23.0,27.8
2026-05-23 15:40:07.562,70.7,23.0,27.7
2026-05-23 15:40:07.767,70.8,23.5,27.7
2026-05-23 15:40:07.973,70.5,24.4,27.6
2026-05-23 15:40:08.176,70.8,24.4,27.5
2026-05-23 15:40:08.380,70.8,24.4,27.7
2026-05-23 15:40:08.583,70.8,23.5,27.6
2026-05-23 15:40:08.787,70.7,23.5,27.7
2026-05-23 15:40:08.989,70.6,23.0,27.5
2026-05-23 15:40:09.190,70.4,23.0,27.8
2026-05-23 15:40:09.391,70.5,23.0,27.5
2026-05-23 15:40:09.597,70.5,23.0,27.7
2026-05-23 15:40:09.803,70.8,23.9,27.5
2026-05-23 15:40:10.003,70.5,23.9,27.6
2026-05-23 15:40:10.210,70.4,23.0,27.8
2026-05-23 15:40:10.408,70.5,23.5,27.8
2026-05-23 15:40:10.614,70.7,23.9,27.8
2026-05-23 15:40:10.819,70.4,24.4,27.8
2026-05-23 15:40:11.022,70.7,23.9,27.6
2026-05-23 15:40:11.226,70.9,24.4,27.6
2026-05-23 15:40:11.426,70.5,23.0,27.5
2026-05-23 15:40:11.630,70.4,23.0,27.7
2026-05-23 15:40:11.833,70.4,23.9,27.6
2026-05-23 15:40:12.038,70.4,24.4,27.7
2026-05-23 15:40:12.238,70.8,23.5,27.7
2026-05-23 15:40:12.439,70.5,23.9,27.8
2026-05-23 15:40:12.649,70.8,24.4,27.7
2026-05-23 15:40:12.851,70.8,24.4,27.7
2026-05-23 15:40:13.057,70.4,24.4,27.7
2026-05-23 15:40:13.257,70.8,23.9,27.6
2026-05-23 15:40:13.458,70.4,23.0,27.8
2026-05-23 15:40:13.666,70.6,24.4,27.8
2026-05-23 15:40:13.869,70.4,23.5,27.7
2026-05-23 15:40:14.074,70.5,23.9,27.7
2026-05-23 15:40:14.277,70.8,23.5,27.8
2026-05-23 15:40:14.477,70.7,23.9,27.5
2026-05-23 15:40:14.682,70.6,23.0,27.5
2026-05-23 15:40:14.880,70.5,23.5,27.7
2026-05-23 15:40:15.087,70.7,24.4,27.7
2026-05-23 15:40:15.292,70.5,24.4,27.7
2026-05-23 15:40:15.496,70.7,23.5,27.7
2026-05-23 15:40:15.699,70.4,23.5,27.7
2026-05-23 15:40:15.900,70.7,23.0,27.5
2026-05-23 15:40:16.104,70.4,24.4,27.7
2026-05-23 15:40:16.308,70.8,23.5,27.7
2026-05-23 15:40:16.513,70.5,23.9,27.6
2026-05-23 15:40:16.712,70.4,23.0,27.5
2026-05-23 15:40:16.919,70.6,23.5,27.6
2026-05-23 15:40:17.121,70.7,24.4,27.7
2026-05-23 15:40:17.326,70.6,24.4,27.7
2026-05-23 15:40:17.528,70.6,23.5,27.5
2026-05-23 15:40:17.730,70.4,23.0,27.7
2026-05-23 15:40:17.933,70.6,23.5,27.7
2026-05-23 15:40:18.137,70.8,23.0,27.7
2026-05-23 15:40:18.343,70.4,23.9,27.7
2026-05-23 15:40:18.545,70.7,24.4,27.6
2026-05-23 15:40:18.749,70.5,23.5,27.6
2026-05-23 15:40:18.949,70.6,23.0,27.6
2026-05-23 15:40:19.155,70.4,24.4,27.6
2026-05-23 15:40:19.360,70.5,23.5,27.7
2026-05-23 15:40:19.563,70.5,23.0,27.7
2026-05-23 15:40:19.764,70.5,23.0,27.5
2026-05-23 15:40:19.967,70.8,23.0,27.7
2026-05-23 15:40:20.173,70.4,23.0,27.7
2026-05-23 15:40:20.377,70.8,23.0,27.5
2026-05-23 15:40:20.580,70.6,23.9,27.7
2026-05-23 15:40:20.781,70.7,23.5,27.7
2026-05-23 15:40:20.986,70.4,24.4,27.7
2026-05-23 15:40:21.189,70.4,23.5,27.7
2026-05-23 15:40:21.392,70.4,24.4,27.7
2026-05-23 15:40:21.595,70.8,24.4,27.7
2026-05-23 15:40:21.795,70.6,23.5,27.6
2026-05-23 15:40:22.001,70.7,23.0,27.6
2026-05-23 15:40:22.204,70.9,24.4,27.6
2026-05-23 15:40:22.405,70.5,23.9,27.8
2026-05-23 15:40:22.611,70.6,23.0,27.7
2026-05-23 15:40:22.812,70.9,23.0,27.7
2026-05-23 15:40:23.020,70.4,23.5,27.5
2026-05-23 15:40:23.223,70.5,23.0,27.7
2026-05-23 15:40:23.425,70.5,24.4,27.7
2026-05-23 15:40:23.628,70.6,23.9,27.6
2026-05-23 15:40:23.833,70.9,23.5,27.5
2026-05-23 15:40:24.035,70.6,23.9,27.6
2026-05-23 15:40:24.239,70.5,23.9,27.7
2026-05-23 15:40:24.442,70.5,24.4,27.5
2026-05-23 15:40:24.646,70.9,24.4,27.5
2026-05-23 15:40:24.849,70.7,23.5,27.6
2026-05-23 15:40:25.052,70.9,24.4,27.7
2026-05-23 15:40:25.256,70.9,23.5,27.7
2026-05-23 15:40:25.459,70.4,23.0,27.7
2026-05-23 15:40:25.662,70.8,23.9,27.5
2026-05-23 15:40:25.866,70.6,23.9,27.7
2026-05-23 15:40:26.069,70.4,24.4,27.5
2026-05-23 15:40:26.270,70.4,23.0,27.7
2026-05-23 15:40:26.486,70.9,23.9,27.7
2026-05-23 15:40:26.679,70.6,23.5,27.7
2026-05-23 15:40:26.880,70.8,23.9,27.5
2026-05-23 15:40:27.080,70.4,24.4,27.7
2026-05-23 15:40:27.289,70.8,23.9,27.6
2026-05-23 15:40:27.491,70.4,24.4,27.7
2026-05-23 15:40:27.696,70.5,23.0,27.6
2026-05-23 15:40:27.899,70.9,24.4,27.7
2026-05-23 15:40:28.101,70.7,23.9,27.5
2026-05-23 15:40:28.304,70.6,23.0,27.5
2026-05-23 15:40:28.505,70.9,24.4,27.7
2026-05-23 15:40:28.710,70.5,23.5,27.7
2026-05-23 15:40:28.915,70.8,23.5,27.7
2026-05-23 15:40:29.119,70.5,23.0,27.7
2026-05-23 15:40:29.320,70.9,23.9,27.5
2026-05-23 15:40:29.526,70.5,24.4,27.7
2026-05-23 15:40:29.729,70.7,23.0,27.6
2026-05-23 15:40:29.930,70.7,23.5,27.5
2026-05-23 15:40:30.132,70.6,24.4,27.7
2026-05-23 15:40:30.338,70.7,24.4,27.6
2026-05-23 15:40:30.539,70.5,23.5,27.7
2026-05-23 15:40:30.745,70.7,23.5,27.5
2026-05-23 15:40:30.948,70.4,24.4,27.5
2026-05-23 15:40:31.150,70.6,23.0,27.6
2026-05-23 15:40:31.356,70.8,24.4,27.7
2026-05-23 15:40:31.556,70.9,23.5,27.6
2026-05-23 15:40:31.757,70.8,23.9,27.6
2026-05-23 15:40:31.966,70.4,24.4,27.7
2026-05-23 15:40:32.163,70.8,23.0,27.6
2026-05-23 15:40:32.370,70.9,23.5,27.5
2026-05-23 15:40:32.575,70.5,24.4,27.6
2026-05-23 15:40:32.775,70.4,24.4,27.5
2026-05-23 15:40:32.982,70.8,24.4,27.7
2026-05-23 15:40:33.186,70.9,23.9,27.8
2026-05-23 15:40:33.388,70.4,24.4,27.5
2026-05-23 15:40:33.589,70.4,23.0,27.7
2026-05-23 15:40:33.790,70.4,23.9,27.6
2026-05-23 15:40:33.994,70.5,23.0,27.7
2026-05-23 15:40:34.197,70.8,23.5,27.5
2026-05-23 15:40:34.399,70.5,23.5,27.6
2026-05-23 15:40:34.609,70.6,24.4,27.7
2026-05-23 15:40:34.812,70.7,23.0,27.7
2026-05-23 15:40:35.013,70.9,24.4,27.5
2026-05-23 15:40:35.217,70.6,23.0,27.7
2026-05-23 15:40:35.420,70.5,23.0,27.7
2026-05-23 15:40:35.626,70.9,23.5,27.6
2026-05-23 15:40:35.827,70.5,24.4,27.7
2026-05-23 15:40:36.029,70.6,23.9,27.5
2026-05-23 15:40:36.233,70.7,23.9,27.7
2026-05-23 15:40:36.438,70.6,24.4,27.5
2026-05-23 15:40:36.638,70.4,23.5,27.6
2026-05-23 15:40:36.841,70.8,23.0,27.6
2026-05-23 15:40:37.046,70.9,23.9,27.6
2026-05-23 15:40:37.247,70.3,24.4,27.7
2026-05-23 15:40:37.451,70.4,23.0,27.5
2026-05-23 15:40:37.652,70.5,24.4,27.7
2026-05-23 15:40:37.857,70.4,24.4,27.7
2026-05-23 15:40:38.065,70.5,24.4,27.7
2026-05-23 15:40:38.268,70.5,24.4,27.7
2026-05-23 15:40:38.471,70.5,24.4,27.5
2026-05-23 15:40:38.675,70.6,23.0,27.7
2026-05-23 15:40:38.878,70.9,23.5,27.5
2026-05-23 15:40:39.081,70.3,24.4,27.6
2026-05-23 15:40:39.285,70.7,23.0,27.6
2026-05-23 15:40:39.488,70.9,23.9,27.7
2026-05-23 15:40:39.691,70.4,23.5,27.6
2026-05-23 15:40:39.895,70.9,23.5,27.7
2026-05-23 15:40:40.098,70.7,23.0,27.6
2026-05-23 15:40:40.296,70.4,23.5,27.6
2026-05-23 15:40:40.504,70.8,23.0,27.6
2026-05-23 15:40:40.708,70.8,23.5,27.7
2026-05-23 15:40:40.909,70.8,23.9,27.6
2026-05-23 15:40:41.114,70.7,23.0,27.5
2026-05-23 15:40:41.313,70.5,24.4,27.7
2026-05-23 15:40:41.519,70.5,23.0,27.7
2026-05-23 15:40:41.725,70.4,24.4,27.7
2026-05-23 15:40:41.929,70.5,24.4,27.5
2026-05-23 15:40:42.132,70.8,23.9,27.6
2026-05-23 15:40:42.329,70.3,23.0,27.5
2026-05-23 15:40:42.538,70.7,23.5,27.7
2026-05-23 15:40:42.742,70.7,23.9,27.5
2026-05-23 15:40:42.941,70.4,24.4,27.7
2026-05-23 15:40:43.142,70.8,23.9,27.6
2026-05-23 15:40:43.351,70.5,23.9,27.5
2026-05-23 15:40:43.550,70.8,23.9,27.5
2026-05-23 15:40:43.753,70.4,24.4,27.5
2026-05-23 15:40:43.960,70.8,23.9,27.7
2026-05-23 15:40:44.159,70.9,23.9,27.7
2026-05-23 15:40:44.367,70.5,23.9,27.5
2026-05-23 15:40:44.565,70.6,23.5,27.5
2026-05-23 15:40:44.775,70.7,23.9,27.6
2026-05-23 15:40:44.978,70.8,24.4,27.6
2026-05-23 15:40:45.178,70.4,24.4,27.5
2026-05-23 15:40:45.381,70.3,24.4,27.6
2026-05-23 15:40:45.587,70.5,23.0,27.7
2026-05-23 15:40:45.788,70.7,24.4,27.7
2026-05-23 15:40:45.995,70.6,23.0,27.6
2026-05-23 15:40:46.192,70.7,24.4,27.6
2026-05-23 15:40:46.401,70.7,24.4,27.7
2026-05-23 15:40:46.605,70.8,23.9,27.5
2026-05-23 15:40:46.806,70.8,23.9,27.6
2026-05-23 15:40:47.011,70.5,23.5,27.6
2026-05-23 15:40:47.214,70.3,24.4,27.5
2026-05-23 15:40:47.417,70.6,24.4,27.5
2026-05-23 15:40:47.620,70.8,23.9,27.6
2026-05-23 15:40:47.822,70.6,23.9,27.5
2026-05-23 15:40:48.028,70.6,24.4,27.7
2026-05-23 15:40:48.229,70.3,24.4,27.6
2026-05-23 15:40:48.427,70.2,24.4,27.5
2026-05-23 15:40:48.638,70.8,23.9,27.7
2026-05-23 15:40:48.840,70.7,23.9,27.5
2026-05-23 15:40:49.045,70.5,23.9,27.5
2026-05-23 15:40:49.242,70.3,24.4,27.6
2026-05-23 15:40:49.450,70.4,24.4,27.5
2026-05-23 15:40:49.655,70.6,23.9,27.6
2026-05-23 15:40:49.857,70.4,24.4,27.7
2026-05-23 15:40:50.058,70.9,23.5,27.5
2026-05-23 15:40:50.264,70.7,23.0,27.7
2026-05-23 15:40:50.463,70.5,23.9,27.5
2026-05-23 15:40:50.669,70.7,23.5,27.7
2026-05-23 15:40:50.873,70.3,23.5,27.6
2026-05-23 15:40:51.078,70.4,24.4,27.5
2026-05-23 15:40:51.279,70.6,24.4,27.6
2026-05-23 15:40:51.490,70.4,23.0,27.7
2026-05-23 15:40:51.688,70.7,23.9,27.7
2026-05-23 15:40:51.891,70.9,23.5,27.6
2026-05-23 15:40:52.093,70.5,23.9,27.5
2026-05-23 15:40:52.296,70.8,24.4,27.5
2026-05-23 15:40:52.497,70.5,23.0,27.7
2026-05-23 15:40:52.704,70.3,23.9,27.7
2026-05-23 15:40:52.908,70.4,23.0,27.7
2026-05-23 15:40:53.110,70.4,24.4,27.5
2026-05-23 15:40:53.314,70.5,23.5,27.6
2026-05-23 15:40:53.513,70.6,23.5,27.5
2026-05-23 15:40:53.716,70.4,24.4,27.5
2026-05-23 15:40:53.923,70.4,24.4,27.5
2026-05-23 15:40:54.127,70.7,23.0,27.7
2026-05-23 15:40:54.331,70.3,24.4,27.7
2026-05-23 15:40:54.530,70.5,24.4,27.7
2026-05-23 15:40:54.737,70.5,23.9,27.5
2026-05-23 15:40:54.941,70.5,23.0,27.7
2026-05-23 15:40:55.143,70.5,23.0,27.5
2026-05-23 15:40:55.348,70.4,24.4,27.6
2026-05-23 15:40:55.547,70.8,24.4,27.7
2026-05-23 15:40:55.753,70.6,24.4,27.7
2026-05-23 15:40:55.958,70.5,23.5,27.5
2026-05-23 15:40:56.160,70.6,23.5,27.6
2026-05-23 15:40:56.364,70.5,23.0,27.6
2026-05-23 15:40:56.560,70.5,23.5,27.6
2026-05-23 15:40:56.767,70.3,23.5,27.6
2026-05-23 15:40:56.975,70.4,24.4,27.6
2026-05-23 15:40:57.177,70.5,23.9,27.6
2026-05-23 15:40:57.379,70.4,24.4,27.7
2026-05-23 15:40:57.584,70.5,24.4,27.6
2026-05-23 15:40:57.787,70.5,23.0,27.6
2026-05-23 15:40:57.992,70.7,23.9,27.6
2026-05-23 15:40:58.193,70.5,23.0,27.5
2026-05-23 15:40:58.398,70.4,23.5,27.4
2026-05-23 15:40:58.601,70.5,23.0,27.7
2026-05-23 15:40:58.801,70.4,23.0,27.6
2026-05-23 15:40:59.007,70.8,24.4,27.4
2026-05-23 15:40:59.211,70.3,24.4,27.6
2026-05-23 15:40:59.414,70.9,24.4,27.5
2026-05-23 15:40:59.615,70.4,24.4,27.5
2026-05-23 15:40:59.819,70.6,23.5,27.6
2026-05-23 15:41:00.021,70.4,24.4,27.7
2026-05-23 15:41:00.227,70.9,23.9,27.5
2026-05-23 15:41:00.430,70.7,23.9,27.5
2026-05-23 15:41:00.633,70.5,24.4,27.6
2026-05-23 15:41:00.837,70.4,24.4,27.5
2026-05-23 15:41:01.038,70.4,23.0,27.7
2026-05-23 15:41:01.244,70.3,24.4,27.6
2026-05-23 15:41:01.446,70.5,23.0,27.6
2026-05-23 15:41:01.648,70.7,23.5,27.7
2026-05-23 15:41:01.854,70.8,23.9,27.5
2026-05-23 15:41:02.055,70.4,24.4,27.5
2026-05-23 15:41:02.259,70.7,24.4,27.5
2026-05-23 15:41:02.460,70.5,24.4,27.7
2026-05-23 15:41:02.667,70.4,23.5,27.6
2026-05-23 15:41:02.865,70.8,23.5,27.5
2026-05-23 15:41:03.069,70.7,23.9,27.5
2026-05-23 15:41:03.275,70.7,23.9,27.4
2026-05-23 15:41:03.479,70.5,24.4,27.6
2026-05-23 15:41:03.684,70.5,24.4,27.6
2026-05-23 15:41:03.887,70.3,24.4,27.7
2026-05-23 15:41:04.087,70.6,23.0,27.7
2026-05-23 15:41:04.290,70.5,23.5,27.7
2026-05-23 15:41:04.498,70.3,24.4,27.7
2026-05-23 15:41:04.697,70.3,24.4,27.7
2026-05-23 15:41:04.899,70.8,23.9,27.6
2026-05-23 15:41:05.107,70.5,24.4,27.6
2026-05-23 15:41:05.306,70.6,24.4,27.7
2026-05-23 15:41:05.514,70.6,23.9,27.6
2026-05-23 15:41:05.717,70.3,23.5,27.6
2026-05-23 15:41:05.920,70.9,23.5,27.5
2026-05-23 15:41:06.124,70.8,23.9,27.5
2026-05-23 15:41:06.325,70.4,24.4,27.6
2026-05-23 15:41:06.525,70.5,24.4,27.6
2026-05-23 15:41:06.727,70.3,23.0,27.4
2026-05-23 15:41:06.934,70.3,24.4,27.6
2026-05-23 15:41:07.140,70.8,23.9,27.6
2026-05-23 15:41:07.340,70.6,23.0,27.5
2026-05-23 15:41:07.546,70.7,23.5,27.7
2026-05-23 15:41:07.747,70.4,24.4,27.5
2026-05-23 15:41:07.951,70.6,24.4,27.6
2026-05-23 15:41:08.156,70.3,24.4,27.6
2026-05-23 15:41:08.360,70.6,23.9,27.6
2026-05-23 15:41:08.558,70.7,23.9,27.4
2026-05-23 15:41:08.763,70.7,23.9,27.4
2026-05-23 15:41:08.969,70.5,24.4,27.4
2026-05-23 15:41:09.174,70.4,24.4,27.7
2026-05-23 15:41:09.375,70.5,24.4,27.7
2026-05-23 15:41:09.580,70.9,23.9,27.6
2026-05-23 15:41:09.783,70.8,23.0,27.5
2026-05-23 15:41:09.979,70.9,23.9,27.5
2026-05-23 15:41:10.189,70.4,23.5,27.5
2026-05-23 15:41:10.394,70.4,23.9,27.6
2026-05-23 15:41:10.596,70.7,23.9,27.5
2026-05-23 15:41:10.799,70.7,24.4,27.6
2026-05-23 15:41:10.997,70.6,23.0,27.5
2026-05-23 15:41:11.207,70.7,23.0,27.6
2026-05-23 15:41:11.404,70.7,23.0,27.6
2026-05-23 15:41:11.612,70.3,24.4,27.6
2026-05-23 15:41:11.817,70.6,23.5,27.5
2026-05-23 15:41:12.016,70.4,24.4,27.5
2026-05-23 15:41:12.224,70.4,24.4,27.6
2026-05-23 15:41:12.425,70.5,24.4,27.6
2026-05-23 15:41:12.630,70.5,23.9,27.6
2026-05-23 15:41:12.833,70.4,24.4,27.6
2026-05-23 15:41:13.036,70.6,24.4,27.6
2026-05-23 15:41:13.237,70.7,23.0,27.6
2026-05-23 15:41:13.443,70.8,23.0,27.6
2026-05-23 15:41:13.646,70.5,24.4,27.6
2026-05-23 15:41:13.850,70.7,23.5,27.5
2026-05-23 15:41:14.051,70.3,24.4,27.6
2026-05-23 15:41:14.255,70.7,23.0,27.6
2026-05-23 15:41:14.453,70.4,24.4,27.5
2026-05-23 15:41:14.657,70.6,24.4,27.6
2026-05-23 15:41:14.866,70.7,23.9,27.6
2026-05-23 15:41:15.070,70.4,24.4,27.5
2026-05-23 15:41:15.267,70.8,23.9,27.5
2026-05-23 15:41:15.475,70.8,23.9,27.6
2026-05-23 15:41:15.675,70.3,23.5,27.5
2026-05-23 15:41:15.881,70.4,24.4,27.4
2026-05-23 15:41:16.085,70.4,23.0,27.7
2026-05-23 15:41:16.288,70.5,23.9,27.6
2026-05-23 15:41:16.493,70.5,23.5,27.7
2026-05-23 15:41:16.695,70.8,23.9,27.5
2026-05-23 15:41:16.900,70.8,23.5,27.5
2026-05-23 15:41:17.099,70.6,24.4,27.6
2026-05-23 15:41:17.305,70.4,24.4,27.6
2026-05-23 15:41:17.504,70.7,23.5,27.6
2026-05-23 15:41:17.712,70.6,23.9,27.6
2026-05-23 15:41:17.915,70.8,24.4,27.5
2026-05-23 15:41:18.116,70.4,24.4,27.5
2026-05-23 15:41:18.319,70.8,23.0,27.5
2026-05-23 15:41:18.525,70.4,24.4,27.4
2026-05-23 15:41:18.727,70.7,23.0,27.5
2026-05-23 15:41:18.929,70.6,23.9,27.4
2026-05-23 15:41:19.133,70.8,23.9,27.6
2026-05-23 15:41:19.338,70.3,24.4,27.6
2026-05-23 15:41:19.541,70.6,23.0,27.5
2026-05-23 15:41:19.745,70.6,23.0,27.6
2026-05-23 15:41:19.950,70.7,24.4,27.4
2026-05-23 15:41:20.148,70.4,23.9,27.5
2026-05-23 15:41:20.354,70.6,24.4,27.4
2026-05-23 15:41:20.559,70.8,23.9,27.5
2026-05-23 15:41:20.756,70.6,23.0,27.4
2026-05-23 15:41:20.964,70.6,23.0,27.6
2026-05-23 15:41:21.168,70.6,23.9,27.6
2026-05-23 15:41:21.365,70.3,23.9,27.6
2026-05-23 15:41:21.576,70.3,24.4,27.5
2026-05-23 15:41:21.777,70.5,23.9,27.5
2026-05-23 15:41:21.976,70.5,23.9,27.4
2026-05-23 15:41:22.182,70.7,23.9,27.4
2026-05-23 15:41:22.388,70.8,23.9,27.4
2026-05-23 15:41:22.589,70.2,24.4,27.4
2026-05-23 15:41:22.794,70.7,23.9,27.4
2026-05-23 15:41:22.999,70.3,24.4,27.6
2026-05-23 15:41:23.202,70.3,24.4,27.4
2026-05-23 15:41:23.405,70.3,24.4,27.6
2026-05-23 15:41:23.610,70.4,23.5,27.6
2026-05-23 15:41:23.807,70.4,23.9,27.4
2026-05-23 15:41:24.015,70.3,24.4,27.6
2026-05-23 15:41:24.220,70.5,24.4,27.4
2026-05-23 15:41:24.420,70.5,23.0,27.4
2026-05-23 15:41:24.626,70.3,24.4,27.6
2026-05-23 15:41:24.830,70.4,24.4,27.5
2026-05-23 15:41:25.034,70.7,23.9,27.6
2026-05-23 15:41:25.233,70.7,23.0,27.5
2026-05-23 15:41:25.438,70.9,23.9,27.4
2026-05-23 15:41:25.638,70.2,24.4,27.4
2026-05-23 15:41:25.844,70.4,24.4,27.4
2026-05-23 15:41:26.047,70.8,23.9,27.6
2026-05-23 15:41:26.248,70.3,23.0,27.6
2026-05-23 15:41:26.453,70.7,23.0,27.6
2026-05-23 15:41:26.659,70.5,24.4,27.6
2026-05-23 15:41:26.858,70.2,24.4,27.6
2026-05-23 15:41:27.064,70.3,24.4,27.6
2026-05-23 15:41:27.268,70.5,24.4,27.6
2026-05-23 15:41:27.468,70.7,23.9,27.4
2026-05-23 15:41:27.675,70.8,23.9,27.6
2026-05-23 15:41:27.878,70.6,23.9,27.5
2026-05-23 15:41:28.080,70.3,24.4,27.4
2026-05-23 15:41:28.280,70.5,24.4,27.4
2026-05-23 15:41:28.488,70.4,24.4,27.4
2026-05-23 15:41:28.693,70.5,23.9,27.5
2026-05-23 15:41:28.892,70.7,23.9,27.6
2026-05-23 15:41:29.099,70.4,23.9,27.5
2026-05-23 15:41:29.303,70.2,23.5,27.5
2026-05-23 15:41:29.506,70.5,23.0,27.5
2026-05-23 15:41:29.706,70.4,24.4,27.5
2026-05-23 15:41:29.912,70.4,24.4,27.4
2026-05-23 15:41:30.116,70.6,23.9,27.4
2026-05-23 15:41:30.320,70.4,24.4,27.3
2026-05-23 15:41:30.522,70.5,23.5,27.6
2026-05-23 15:41:30.726,70.3,24.4,27.6
2026-05-23 15:41:30.929,70.5,24.4,27.4
2026-05-23 15:41:31.132,70.5,23.0,27.4
2026-05-23 15:41:31.335,70.3,24.4,27.6
2026-05-23 15:41:31.537,70.7,24.4,27.6
2026-05-23 15:41:31.743,70.6,23.0,27.4
2026-05-23 15:41:31.946,70.5,23.5,27.5
2026-05-23 15:41:32.149,70.5,24.4,27.4
2026-05-23 15:41:32.348,70.2,24.4,27.5
2026-05-23 15:41:32.555,70.4,24.4,27.4
2026-05-23 15:41:32.759,70.7,23.9,27.4
2026-05-23 15:41:32.959,70.3,24.4,27.5
2026-05-23 15:41:33.166,70.8,23.9,27.4
2026-05-23 15:41:33.365,70.6,23.9,27.5
2026-05-23 15:41:33.568,70.3,24.4,27.5
2026-05-23 15:41:33.776,70.6,24.4,27.4
2026-05-23 15:41:33.975,70.5,24.4,27.5
2026-05-23 15:41:34.181,70.3,24.4,27.4
2026-05-23 15:41:34.380,70.4,23.5,27.5
2026-05-23 15:41:34.587,70.4,23.5,27.4
2026-05-23 15:41:34.789,70.6,23.9,27.4
2026-05-23 15:41:34.996,70.5,24.4,27.3
2026-05-23 15:41:35.194,70.8,23.0,27.5
2026-05-23 15:41:35.400,70.6,23.9,27.5
2026-05-23 15:41:35.599,70.7,23.0,27.5
2026-05-23 15:41:35.806,70.7,23.0,27.3
2026-05-23 15:41:36.007,70.3,24.4,27.4
2026-05-23 15:41:36.215,70.5,23.9,27.5
2026-05-23 15:41:36.418,70.4,24.4,27.3
2026-05-23 15:41:36.617,70.4,24.4,27.5
2026-05-23 15:41:36.825,70.7,23.0,27.4
2026-05-23 15:41:37.028,70.5,23.0,27.5
2026-05-23 15:41:37.228,70.5,24.4,27.4
2026-05-23 15:41:37.430,70.7,23.9,27.3
2026-05-23 15:41:37.638,70.8,24.4,27.3
2026-05-23 15:41:37.840,70.6,23.9,27.3
2026-05-23 15:41:38.041,70.5,23.0,27.5
2026-05-23 15:41:38.246,70.4,24.4,27.3
2026-05-23 15:41:38.452,70.3,24.4,27.3
2026-05-23 15:41:38.649,70.7,23.9,27.4
2026-05-23 15:41:38.859,70.7,23.9,27.4
2026-05-23 15:41:39.062,70.2,24.4,27.4
2026-05-23 15:41:39.262,70.6,23.5,27.4
2026-05-23 15:41:39.469,70.3,24.4,27.4
2026-05-23 15:41:39.666,70.5,23.0,27.4
2026-05-23 15:41:39.875,70.7,23.9,27.3
2026-05-23 15:41:40.076,70.4,23.5,27.4
2026-05-23 15:41:40.276,70.3,24.4,27.4
2026-05-23 15:41:40.485,70.5,24.4,27.3
2026-05-23 15:41:40.687,70.4,23.5,27.4
2026-05-23 15:41:40.893,70.3,24.4,27.3
2026-05-23 15:41:41.094,70.5,24.4,27.4
2026-05-23 15:41:41.299,70.7,24.4,27.5
2026-05-23 15:41:41.498,70.7,23.9,27.4
2026-05-23 15:41:41.704,70.8,23.9,27.4
2026-05-23 15:41:41.907,70.4,24.4,27.5
2026-05-23 15:41:42.112,70.6,23.9,27.3
2026-05-23 15:41:42.310,70.7,24.4,27.5
2026-05-23 15:41:42.517,70.9,23.0,27.3
2026-05-23 15:41:42.719,70.6,23.9,27.4
2026-05-23 15:41:42.925,70.5,23.0,27.5
2026-05-23 15:41:43.125,70.4,24.4,27.4
2026-05-23 15:41:43.329,70.3,24.4,27.3
2026-05-23 15:41:43.530,70.5,24.4,27.4
2026-05-23 15:41:43.739,70.6,24.4,27.3
2026-05-23 15:41:43.942,70.3,23.0,27.5
2026-05-23 15:41:44.145,70.6,24.4,27.3
2026-05-23 15:41:44.349,70.6,23.0,27.4
2026-05-23 15:41:44.550,70.3,24.4,27.4
2026-05-23 15:41:44.755,70.4,24.4,27.4
2026-05-23 15:41:44.958,70.8,23.9,27.5
2026-05-23 15:41:45.160,70.6,24.4,27.4
2026-05-23 15:41:45.361,70.6,23.9,27.3
2026-05-23 15:41:45.564,70.5,23.5,27.4
2026-05-23 15:41:45.770,70.7,23.9,27.3
2026-05-23 15:41:45.975,70.7,24.4,27.4
2026-05-23 15:41:46.178,70.4,24.4,27.3
2026-05-23 15:41:46.382,70.3,23.9,27.5
2026-05-23 15:41:46.584,70.7,23.9,27.4
2026-05-23 15:41:46.788,70.3,23.5,27.5
2026-05-23 15:41:46.987,70.3,23.5,27.5
2026-05-23 15:41:47.194,70.6,24.4,27.4
2026-05-23 15:41:47.399,70.7,23.9,27.5
2026-05-23 15:41:47.600,70.5,24.4,27.5
2026-05-23 15:41:47.804,70.4,24.4,27.4
2026-05-23 15:41:48.002,70.7,23.5,27.4
2026-05-23 15:41:48.205,70.3,24.4,27.3
2026-05-23 15:41:48.410,70.8,23.5,27.4
2026-05-23 15:41:48.619,70.3,24.4,27.5
2026-05-23 15:41:48.819,70.5,23.9,27.3
2026-05-23 15:41:49.023,70.9,23.9,27.3
2026-05-23 15:41:49.227,70.4,23.5,27.4
2026-05-23 15:41:49.426,70.3,24.4,27.4
2026-05-23 15:41:49.627,70.6,24.4,27.5
2026-05-23 15:41:49.838,70.4,24.4,27.3
2026-05-23 15:41:50.039,70.7,23.9,27.5
2026-05-23 15:41:50.245,70.3,24.4,27.5
2026-05-23 15:41:50.447,70.5,24.4,27.5
2026-05-23 15:41:50.647,70.4,24.4,27.4
2026-05-23 15:41:50.855,70.9,23.9,27.4
2026-05-23 15:41:51.050,70.3,24.4,27.4
2026-05-23 15:41:51.260,70.7,23.9,27.4
2026-05-23 15:41:51.464,70.6,24.4,27.3
2026-05-23 15:41:51.669,70.7,24.4,27.4
2026-05-23 15:41:51.872,70.6,23.9,27.3
2026-05-23 15:41:52.073,70.8,23.5,27.3
2026-05-23 15:41:52.278,70.3,24.4,27.4
2026-05-23 15:41:52.479,70.3,24.4,27.4
2026-05-23 15:41:52.681,70.9,23.9,27.3
2026-05-23 15:41:52.888,70.5,24.4,27.3
2026-05-23 15:41:53.089,70.8,23.9,27.3
2026-05-23 15:41:53.289,70.9,24.4,27.5
2026-05-23 15:41:53.498,70.4,24.4,27.4
2026-05-23 15:41:53.699,70.3,23.5,27.4
2026-05-23 15:41:53.903,70.7,23.9,27.4
2026-05-23 15:41:54.108,70.4,24.4,27.3
2026-05-23 15:41:54.308,70.4,24.4,27.4
2026-05-23 15:41:54.508,70.4,23.5,27.3
2026-05-23 15:41:54.718,70.6,23.0,27.4
2026-05-23 15:41:54.918,70.8,23.9,27.3
2026-05-23 15:41:55.119,70.6,24.4,27.4
2026-05-23 15:41:55.325,70.8,24.4,27.3
2026-05-23 15:41:55.529,70.5,24.4,27.3
2026-05-23 15:41:55.730,70.6,24.4,27.4
2026-05-23 15:41:55.938,70.5,23.9,27.5
2026-05-23 15:41:56.139,70.4,24.4,27.3
2026-05-23 15:41:56.345,70.4,24.4,27.4
2026-05-23 15:41:56.548,70.6,23.9,27.3
2026-05-23 15:41:56.748,70.5,24.4,27.4
2026-05-23 15:41:56.954,70.8,23.0,27.4
2026-05-23 15:41:57.157,70.4,23.0,27.3
2026-05-23 15:41:57.361,70.4,24.4,27.4
2026-05-23 15:41:57.564,70.6,23.0,27.4
2026-05-23 15:41:57.768,70.7,23.9,27.3
2026-05-23 15:41:57.968,70.4,24.4,27.3
2026-05-23 15:41:58.171,70.7,24.4,27.3
2026-05-23 15:41:58.378,70.5,24.4,27.3
2026-05-23 15:41:58.576,70.3,24.4,27.3
2026-05-23 15:41:58.785,70.4,24.4,27.4
2026-05-23 15:41:58.987,70.7,23.0,27.3
2026-05-23 15:41:59.191,70.8,23.9,27.4
2026-05-23 15:41:59.391,70.8,24.4,27.3
2026-05-23 15:41:59.597,70.5,23.5,27.4
2026-05-23 15:41:59.799,70.4,24.4,27.4
2026-05-23 15:42:00.000,70.5,24.4,27.4
2026-05-23 15:42:00.208,70.8,23.5,27.3
2026-05-23 15:42:00.409,70.7,24.4,27.4
2026-05-23 15:42:00.609,70.6,24.4,27.5
2026-05-23 15:42:00.814,70.3,24.4,27.4
2026-05-23 15:42:01.018,70.5,24.4,27.4
2026-05-23 15:42:01.223,70.6,24.4,27.4
2026-05-23 15:42:01.427,70.5,24.4,27.3
2026-05-23 15:42:01.625,70.4,24.4,27.4
2026-05-23 15:42:01.834,70.6,23.9,27.4
2026-05-23 15:42:02.037,70.4,24.4,27.2
2026-05-23 15:42:02.237,70.5,23.9,27.3
2026-05-23 15:42:02.443,70.5,24.4,27.5
2026-05-23 15:42:02.647,70.8,23.5,27.3
2026-05-23 15:42:02.846,70.4,24.4,27.5
2026-05-23 15:42:03.051,70.6,24.4,27.3
2026-05-23 15:42:03.257,70.8,23.9,27.3
2026-05-23 15:42:03.459,70.4,24.4,27.5
2026-05-23 15:42:03.661,70.4,24.4,27.3
2026-05-23 15:42:03.864,70.8,23.9,27.4
2026-05-23 15:42:04.071,70.7,23.9,27.3
2026-05-23 15:42:04.274,70.6,24.4,27.4
2026-05-23 15:42:04.478,70.9,23.5,27.3
2026-05-23 15:42:04.676,70.7,23.0,27.4
2026-05-23 15:42:04.880,70.5,24.4,27.2
2026-05-23 15:42:05.087,70.5,24.4,27.3
2026-05-23 15:42:05.488,70.7,23.9,27.4
2026-05-23 15:42:05.496,70.7,23.9,27.4
2026-05-23 15:42:05.696,70.7,23.9,27.3
2026-05-23 15:42:05.898,70.3,24.4,27.3
2026-05-23 15:42:06.104,70.4,24.4,27.3
2026-05-23 15:42:06.300,70.6,24.4,27.4
2026-05-23 15:42:06.505,70.6,24.4,27.4
2026-05-23 15:42:06.710,70.6,24.4,27.4
2026-05-23 15:42:06.914,70.9,23.9,27.3
2026-05-23 15:42:07.119,70.3,24.4,27.3
2026-05-23 15:42:07.324,70.9,23.9,27.4
2026-05-23 15:42:07.525,70.5,24.4,27.2
2026-05-23 15:42:07.726,70.6,23.9,27.4
2026-05-23 15:42:07.933,70.6,23.5,27.4
2026-05-23 15:42:08.135,70.5,24.4,27.4
2026-05-23 15:42:08.340,70.2,23.9,27.4
2026-05-23 15:42:08.544,70.3,24.4,27.4
2026-05-23 15:42:08.739,70.5,24.4,27.2
2026-05-23 15:42:08.943,70.7,23.9,27.4
2026-05-23 15:42:09.149,70.4,24.4,27.2
2026-05-23 15:42:09.356,70.4,24.4,27.2
2026-05-23 15:42:09.559,70.2,24.4,27.3
2026-05-23 15:42:09.758,70.3,24.4,27.4
2026-05-23 15:42:09.964,70.8,23.5,27.2
2026-05-23 15:42:10.168,70.4,24.4,27.4
2026-05-23 15:42:10.373,70.6,23.9,27.3
2026-05-23 15:42:10.575,70.5,24.4,27.4
2026-05-23 15:42:10.780,70.5,23.9,27.2
2026-05-23 15:42:10.984,70.2,24.4,27.4
2026-05-23 15:42:11.187,70.8,23.9,27.4
2026-05-23 15:42:11.388,70.2,24.4,27.4
2026-05-23 15:42:11.592,70.3,24.4,27.4
2026-05-23 15:42:11.797,70.8,23.9,27.4
2026-05-23 15:42:12.000,70.2,24.4,27.3
2026-05-23 15:42:12.201,70.4,23.9,27.4
2026-05-23 15:42:12.406,70.8,23.9,27.4
2026-05-23 15:42:12.605,70.5,23.9,27.3
2026-05-23 15:42:12.809,70.3,24.4,27.4
2026-05-23 15:42:13.017,70.4,24.4,27.4
2026-05-23 15:42:13.215,70.6,24.4,27.4
2026-05-23 15:42:13.420,70.5,24.4,27.4
2026-05-23 15:42:13.626,70.8,23.9,27.3
2026-05-23 15:42:13.825,70.1,24.4,27.2
2026-05-23 15:42:14.032,70.4,23.5,27.4
2026-05-23 15:42:14.237,70.2,24.4,27.4
2026-05-23 15:42:14.438,70.0,23.9,27.2
2026-05-23 15:42:14.637,70.4,23.9,27.4
2026-05-23 15:42:14.846,70.5,24.4,27.3
2026-05-23 15:42:15.048,70.3,24.4,27.3
2026-05-23 15:42:15.246,70.1,24.4,27.4
2026-05-23 15:42:15.456,70.6,23.0,27.4
2026-05-23 15:42:15.660,70.0,24.4,27.4
2026-05-23 15:42:15.862,70.2,23.9,27.4
2026-05-23 15:42:16.063,70.3,24.4,27.4
2026-05-23 15:42:16.270,70.4,23.9,27.2
2026-05-23 15:42:16.472,70.1,24.4,27.4
2026-05-23 15:42:16.675,70.5,23.9,27.2
2026-05-23 15:42:16.880,70.3,23.9,27.2
2026-05-23 15:42:17.075,70.2,24.4,27.5
2026-05-23 15:42:17.286,70.5,23.9,27.4
2026-05-23 15:42:17.487,70.1,24.4,27.3
2026-05-23 15:42:17.692,70.6,23.9,27.3
2026-05-23 15:42:17.891,70.3,24.4,27.4
2026-05-23 15:42:18.098,70.0,24.4,27.4
2026-05-23 15:42:18.301,70.2,24.4,27.3
2026-05-23 15:42:18.507,70.3,24.4,27.3
2026-05-23 15:42:18.710,70.1,24.4,27.3
2026-05-23 15:42:18.908,70.3,24.4,27.4
